username,repositorio,hash,linguagem_programacao,Classificacao
autor nulo,https://github.com/KDE/kde1-kdebase,04906bd5de2f220bf100b605dad37b4a1d9a91a6,C++,NÃO FAMILIAR
autor nulo,https://github.com/torvalds/linux,0b29669c065f60501e7289e1950fa2a618962358,C,NÃO FAMILIAR
autor nulo,https://github.com/Illydth/wowraidmanager,7dd6367ae85003dd5d715431b6ab695f2c2f200a,PHP,NÃO FAMILIAR
autor nulo,https://github.com/torvalds/linux,124d3b7041f9a0ca7c43a6293e1cae4576c32fd5,C,NÃO FAMILIAR
autor nulo,https://github.com/memcached/memcached,75cc83685e103bc8ba380a57468c8f04413033f9,C,NÃO FAMILIAR
autor nulo,https://github.com/ensc/irssi-proxy,85bbc05b21678e80423815d2ef1dfe26208491ab,C,NÃO FAMILIAR
autor nulo,https://github.com/torvalds/linux,7572777eef78ebdee1ecb7c258c0ef94d35bad16,C,NÃO FAMILIAR
autor nulo,https://github.com/torvalds/linux,fc3a9157d3148ab91039c75423da8ef97be3e105,C,NÃO FAMILIAR
autor nulo,https://github.com/torvalds/linux,0926f91083f34d047abc74f1ca4fa6a9c161f7db,C,NÃO FAMILIAR
autor nulo,https://github.com/torvalds/linux,867c20265459d30a01b021a9c1e81fb4c5832aa9,C,NÃO FAMILIAR
autor nulo,https://github.com/mono/mono,722f9890f09aadfc37ae479e7d946d5fc5ef7b91,C,NÃO FAMILIAR
autor nulo,https://github.com/torvalds/linux,1309d7afbed112f0e8e90be9af975550caa0076b,Shell,NÃO FAMILIAR
autor nulo,https://github.com/torvalds/linux,d370af0ef7951188daeb15bae75db7ba57c67846,C,NÃO FAMILIAR
autor nulo,https://github.com/torvalds/linux,da48524eb20662618854bb3df2db01fc65f3070c,C,NÃO FAMILIAR
autor nulo,https://github.com/torvalds/linux,b769f49463711205d57286e64cf535ed4daf59e9,C,NÃO FAMILIAR
autor nulo,https://github.com/torvalds/linux,4d00135a680727f6c3be78f8befaac009030e4df,C,NÃO FAMILIAR
autor nulo,https://github.com/torvalds/linux,be20250c13f88375345ad99950190685eda51eb8,C,NÃO FAMILIAR
autor nulo,https://github.com/xfce-mirror/thunar,03dd312e157d4fa8a11d5fa402706ae5b05806fa,C,NÃO FAMILIAR
autor nulo,https://github.com/torvalds/linux,0f22072ab50cac7983f9660d33974b45184da4f9,C,NÃO FAMILIAR
autor nulo,https://github.com/torvalds/linux,c2892f02712e9516d72841d5c019ed6916329794,C,NÃO FAMILIAR
autor nulo,https://github.com/torvalds/linux,d5aa407f59f5b83d2c50ec88f5bf56d40f1f8978,C,NÃO FAMILIAR
autor nulo,https://github.com/torvalds/linux,764355487ea220fdc2faf128d577d7f679b91f97,C,NÃO FAMILIAR
autor nulo,https://github.com/torvalds/linux,64f3b9e203bd06855072e295557dca1485a2ecba,C,NÃO FAMILIAR
autor nulo,https://github.com/FFmpeg/FFmpeg,8312e3fc9041027a33c8bc667bb99740fdf41dd5,C,NÃO FAMILIAR
autor nulo,https://github.com/torvalds/linux,cae13fe4cc3f24820ffb990c09110626837e85d4,C,NÃO FAMILIAR
autor nulo,https://github.com/torvalds/linux,2b472611a32a72f4a118c069c2d62a1a3f087afd,C,NÃO FAMILIAR
autor nulo,https://github.com/torvalds/linux,21c5977a836e399fc710ff2c5367845ed5c2527f,C,NÃO FAMILIAR
autor nulo,https://github.com/torvalds/linux,ea2bc483ff5caada7c4aa0d5fbf87d3a6590273d,C,NÃO FAMILIAR
autor nulo,https://github.com/torvalds/linux,0b760113a3a155269a3fba93a409c640031dd68f,C,NÃO FAMILIAR
autor nulo,https://github.com/torvalds/linux,208c72f4fe44fe09577e7975ba0e7fa0278f3d03,C,NÃO FAMILIAR
autor nulo,https://github.com/torvalds/linux,4e78c724d47e2342aa8fde61f6b8536f662f795f,C,NÃO FAMILIAR
autor nulo,https://github.com/torvalds/linux,fc66c5210ec2539e800e87d7b3a985323c7be96e,C,NÃO FAMILIAR
autor nulo,https://github.com/torvalds/linux,87c48fa3b4630905f98268dde838ee43626a060c,C,NÃO FAMILIAR
autor nulo,https://github.com/torvalds/linux,0d0138ebe24b94065580bd2601f8bb7eb6152f56,C,NÃO FAMILIAR
autor nulo,https://github.com/irmen/Pyro3,554e095a62c4412c91f981e72fd34a936ac2bf1e,Python,NÃO FAMILIAR
autor nulo,https://github.com/torvalds/linux,b5b515445f4f5a905c5dd27e6e682868ccd6c09d,C,NÃO FAMILIAR
autor nulo,https://github.com/torvalds/linux,c2183d1e9b3f313dd8ba2b1b0197c8d9fb86a7ae,C,NÃO FAMILIAR
autor nulo,https://github.com/punbb/punbb,dd50a50a2760f10bd2d09814e30af4b36052ca6d,PHP,NÃO FAMILIAR
autor nulo,https://github.com/torvalds/linux,a5b2c5b2ad5853591a6cac6134cd0f599a720865,C,NÃO FAMILIAR
autor nulo,https://github.com/torvalds/linux,7ed47b7d142ec99ad6880bbbec51e9f12b3af74c,C,NÃO FAMILIAR
autor nulo,https://github.com/torvalds/linux,15291164b22a357cb211b618adfef4fa82fc0de3,C,NÃO FAMILIAR
autor nulo,https://github.com/torvalds/linux,f8e9881c2aef1e982e5abc25c046820cd0b7cf64,C,NÃO FAMILIAR
autor nulo,https://github.com/torvalds/linux,dc0b027dfadfcb8a5504f7d8052754bf8d501ab9,C,NÃO FAMILIAR
autor nulo,https://github.com/torvalds/linux,a9cf73ea7ff78f52662c8658d93c226effbbedde,C,NÃO FAMILIAR
autor nulo,https://github.com/torvalds/linux,ae53b5bd77719fed58086c5be60ce4f22bffe1c6,C,NÃO FAMILIAR
autor nulo,https://github.com/torvalds/linux,f26f9aff6aaf67e9a430d16c266f91b13a5bff64,C,NÃO FAMILIAR
autor nulo,https://github.com/torvalds/linux,c290f8358acaeffd8e0c551ddcc24d1206143376,C,NÃO FAMILIAR
autor nulo,https://github.com/torvalds/linux,fa8b18edd752a8b4e9d1ee2cd615b82c93cf8bba,C,NÃO FAMILIAR
autor nulo,https://github.com/torvalds/linux,61cc74fbb87af6aa551a06a370590c9bc07e29d9,C,NÃO FAMILIAR
autor nulo,https://github.com/torvalds/linux,b69f2292063d2caf37ca9aec7d63ded203701bf3,C,NÃO FAMILIAR
autor nulo,https://github.com/krb5/krb5,c5be6209311d4a8f10fda37d0d3f876c1b33b77b,C,NÃO FAMILIAR
autor nulo,https://github.com/torvalds/linux,c8e252586f8d5de906385d8cf6385fee289a825e,C,NÃO FAMILIAR
autor nulo,https://github.com/mantisbt/mantisbt,f5106be52cf6aa72c521f388e4abb5f0de1f1d7f,PHP,NÃO FAMILIAR
autor nulo,https://github.com/torvalds/linux,371528caec553785c37f73fa3926ea0de84f986f,C,NÃO FAMILIAR
autor nulo,https://github.com/forkcms/forkcms,8fa74dd3e2e32723cd121177dce6aeac37e29df6,PHP,NÃO FAMILIAR
autor nulo,https://github.com/forkcms/forkcms,d65c083adc91c88d21bd9a0df4c2688df634c6ff,PHP,NÃO FAMILIAR
autor nulo,https://github.com/forkcms/forkcms,c8ec9c58a6b3c46cdd924532c1de99bcda6072ed,PHP,NÃO FAMILIAR
autor nulo,https://github.com/bitcoin/bitcoin,8864019f6d88b13d3442843d9e6ebeb8dd938831,Shell,NÃO FAMILIAR
autor nulo,https://github.com/torvalds/linux,905ad269c55fc62bee3da29f7b1d1efeba8aa1e1,C,NÃO FAMILIAR
autor nulo,https://github.com/mikel/mail,29aca25218e4c82991400eb9b0c933626aefc98f,Ruby,NÃO FAMILIAR
autor nulo,https://github.com/mikel/mail,39b590ddb08f90ddbe445837359a2c8843e533d0,Ruby,NÃO FAMILIAR
autor nulo,https://github.com/openstack/horizon,041b1c44c7d6cf5429505067c32f8f35166a8bab,Python,NÃO FAMILIAR
autor nulo,https://github.com/torvalds/linux,c50ac050811d6485616a193eb0f37bfbd191cc89,C,NÃO FAMILIAR
autor nulo,https://github.com/Legrandin/pycrypto,9f912f13df99ad3421eff360d6a62d7dbec755c2,Python,NÃO FAMILIAR
autor nulo,https://github.com/ivmai/bdwgc,83231d0ab5ed60015797c3d1ad9056295ac3b2bb,C,NÃO FAMILIAR
autor nulo,https://github.com/torvalds/linux,06b6a1cf6e776426766298d055bb3991957d90a7,C,NÃO FAMILIAR
autor nulo,https://github.com/openstack/nova,ce4b2e27be45a85b310237615c47eb53f37bb5f3,Python,NÃO FAMILIAR
autor nulo,https://github.com/torvalds/linux,f0ec1aaf54caddd21c259aea8b2ecfbde4ee4fb9,C,NÃO FAMILIAR
autor nulo,https://github.com/torvalds/linux,e0e3cea46d31d23dc40df0a49a7a2c04fe8edfea,C,NÃO FAMILIAR
autor nulo,https://github.com/torvalds/linux,f6d8bd051c391c1c0458a30b2a7abcd939329259,C,NÃO FAMILIAR
autor nulo,https://github.com/owncloud/core,0074062b5329c3d43679909fddce2d70608a4475,PHP,NÃO FAMILIAR
autor nulo,https://github.com/owncloud/core,44260a552cd4ee50ee11eee45164c725f56f7027,PHP,NÃO FAMILIAR
autor nulo,https://github.com/owncloud/core,642e7ce110cb8c320072532c29abe003385d50f5,PHP,NÃO FAMILIAR
autor nulo,https://github.com/owncloud/core,e817504569dce49fd7a677fa510e500394af0c48,PHP,NÃO FAMILIAR
autor nulo,https://github.com/owncloud/core,f955f6a6857754826af8903475688ba54f72c1bb,PHP,NÃO FAMILIAR
autor nulo,https://github.com/owncloud/core,00595351400523168e18a08e3ffa5c3b1e7c1f6e,PHP,NÃO FAMILIAR
autor nulo,https://github.com/torvalds/linux,ed6fe9d614fc1bca95eb8c0ccd0e92db00ef9d5d,C,NÃO FAMILIAR
autor nulo,https://github.com/torvalds/linux,dee1f973ca341c266229faa5a1a5bb268bed3531,C,NÃO FAMILIAR
autor nulo,https://github.com/openstack/glance,6ab0992e5472ae3f9bef0d2ced41030655d9d2bc,Python,NÃO FAMILIAR
autor nulo,https://github.com/forkcms/forkcms,641e27bf1e9a7e320d6856399a7c274934bb351e,PHP,NÃO FAMILIAR
autor nulo,https://github.com/torvalds/linux,9c52057c698fb96f8f07e7a4bcf4801a092bda89,C,NÃO FAMILIAR
autor nulo,https://github.com/torvalds/linux,08dff7b7d629807dbb1f398c68dd9cd58dd657a1,C,NÃO FAMILIAR
autor nulo,https://github.com/openstack/nova,9d2ea970422591f8cdc394001be9a2deca499a5f,Python,NÃO FAMILIAR
autor nulo,https://github.com/centreon/centreon,434e291eebcd8f56771ac96b37831634fa52b6a8,PHP,NÃO FAMILIAR
autor nulo,https://github.com/torvalds/linux,fdf5af0daf8019cec2396cdef8fb042d80fe71fa,C,NÃO FAMILIAR
autor nulo,https://github.com/torvalds/linux,3e10986d1d698140747fcfc2761ec9cb64c1d582,C,NÃO FAMILIAR
autor nulo,https://github.com/torvalds/linux,b35cc8225845112a616e3a2266d2fde5ab13d3ab,C,NÃO FAMILIAR
autor nulo,https://github.com/torvalds/linux,82981930125abfd39d7c8378a9cfdf5e1be2002b,C,NÃO FAMILIAR
autor nulo,https://github.com/rack/rack,f95113402b7239f225282806673e1b6424522b18,Ruby,NÃO FAMILIAR
autor nulo,https://github.com/torvalds/linux,48856286b64e4b66ec62b94e504d0b29c1ade664,C,NÃO FAMILIAR
autor nulo,https://github.com/torvalds/linux,7d5145d8eb2b9791533ffe4dc003b129b9696c48,C,NÃO FAMILIAR
autor nulo,https://github.com/puppetlabs/puppetlabs-cinder,7da792fbd40c0e6eae1ee093aa00e0b177bd2ebc,Perl,NÃO FAMILIAR
autor nulo,https://github.com/torvalds/linux,c903f0456bc69176912dee6dd25c6a66ee1aed00,C,NÃO FAMILIAR
autor nulo,https://github.com/torvalds/linux,77c1090f94d1b0b5186fb13a1b71b47b1343f87f,C,NÃO FAMILIAR
autor nulo,https://github.com/torvalds/linux,a67adb997419fb53540d4a4f79c6471c60bc69b6,C,NÃO FAMILIAR
autor nulo,https://github.com/torvalds/linux,0a9ab9bdb3e891762553f667066190c1d22ad62b,C,NÃO FAMILIAR
autor nulo,https://github.com/markevans/dragonfly,a8775aacf9e5c81cf11bec34b7afa7f27ddfe277,Markdown,NÃO FAMILIAR
autor nulo,https://github.com/torvalds/linux,c300aa64ddf57d9c5d9c898a64b36877345dd4a9,C,NÃO FAMILIAR
autor nulo,https://github.com/torvalds/linux,0b79459b482e85cb7426aa7da683a9f2c97aeae1,C,NÃO FAMILIAR
autor nulo,https://github.com/torvalds/linux,a2c118bfab8bc6b8bb213abfc35201e441693d55,C,NÃO FAMILIAR
autor nulo,https://github.com/torvalds/linux,eb178619f930fa2ba2348de332a1ff1c66a31424,C,NÃO FAMILIAR
autor nulo,https://github.com/torvalds/linux,c0f5ecee4e741667b2493c742b60b6218d40b3aa,C,NÃO FAMILIAR
autor nulo,https://github.com/torvalds/linux,fa3d315a4ce2c0891cdde262562e710d95fba19e,C,NÃO FAMILIAR
autor nulo,https://github.com/torvalds/linux,6ec82562ffc6f297d0de36d65776cff8e5704867,C,NÃO FAMILIAR
autor nulo,https://github.com/torvalds/linux,929473ea05db455ad88cdc081f2adc556b8dc48f,C,NÃO FAMILIAR
autor nulo,https://github.com/torvalds/linux,f1923820c447e986a9da0fc6bf60c1dccdf0408e,C,NÃO FAMILIAR
autor nulo,https://github.com/torvalds/linux,a963a37d384d71ad43b3e9e79d68d42fbe0901f3,C,NÃO FAMILIAR
autor nulo,https://github.com/torvalds/linux,c802d759623acbd6e1ee9fbdabae89159a513913,C,NÃO FAMILIAR
autor nulo,https://github.com/torvalds/linux,6a76f8c0ab19f215af2a3442870eeb5f0e81998d,C,NÃO FAMILIAR
autor nulo,https://github.com/DavidJClark/phpVMS-PopUpNews,5cadf9cbf4d0872a879666ea594be356fad5897e,PHP,NÃO FAMILIAR
autor nulo,https://github.com/DavidJClark/phpVMS-PopUpNews,efaffa04ef87db1722d69ac7bfc07be71ce2dccf,PHP,NÃO FAMILIAR
autor nulo,https://github.com/FreeRDP/FreeRDP,7d58aac24fe20ffaad7bd9b40c9ddf457c1b06e7,C,NÃO FAMILIAR
autor nulo,https://github.com/torvalds/linux,c7e8e8a8f7a70b343ca1e0f90a31e35ab2d16de1,C,NÃO FAMILIAR
autor nulo,https://github.com/torvalds/linux,9955ac47f4ba1c95ecb6092aeaefb40a22e99268,C,NÃO FAMILIAR
autor nulo,https://github.com/torvalds/linux,e9c6a182649f4259db704ae15a91ac820e63b0ca,C,NÃO FAMILIAR
autor nulo,https://github.com/torvalds/linux,201f99f170df14ba52ea4c52847779042b7a623b,C,NÃO FAMILIAR
autor nulo,https://github.com/torvalds/linux,c2c65cd2e14ada6de44cb527e7f1990bede24e15,C,NÃO FAMILIAR
autor nulo,https://github.com/torvalds/linux,b5e2f339865fb443107e5b10603e53bbc92dc054,C,NÃO FAMILIAR
autor nulo,https://github.com/torvalds/linux,8d1e72250c847fa96498ec029891de4dc638a5ba,C,NÃO FAMILIAR
autor nulo,https://github.com/torvalds/linux,a8b33654b1e3b0c74d4a1fed041c9aae50b3c427,C,NÃO FAMILIAR
autor nulo,https://github.com/torvalds/linux,338c7dbadd2671189cec7faf64c84d01071b3f96,C,NÃO FAMILIAR
autor nulo,https://github.com/drk1wi/portspoof,1791fe4e2b9e5b5c8e000551ab60a64a29d924c3,Batchfile,NÃO FAMILIAR
autor nulo,https://github.com/torvalds/linux,e8180dcaa8470ceca21109f143876fdcd9fe050a,C,NÃO FAMILIAR
autor nulo,https://github.com/torvalds/linux,8404663f81d212918ff85f493649a7991209fa04,C,NÃO FAMILIAR
autor nulo,https://github.com/torvalds/linux,b963a22e6d1a266a67e9eecc88134713fd54775c,C,NÃO FAMILIAR
autor nulo,https://github.com/torvalds/linux,fda4e2e85589191b123d31cdc21fd33ee70f50fd,C,NÃO FAMILIAR
autor nulo,https://github.com/torvalds/linux,17d68b763f09a9ce824ae23eb62c9efc57b69271,C,NÃO FAMILIAR
autor nulo,https://github.com/torvalds/linux,a497e47d4aec37aaf8f13509f3ef3d1f6a717d88,C,NÃO FAMILIAR
autor nulo,https://github.com/torvalds/linux,b4789b8e6be3151a955ade74872822f30e8cd914,C,NÃO FAMILIAR
autor nulo,https://github.com/torvalds/linux,f856567b930dfcdbc3323261bf77240ccdde01f5,C,NÃO FAMILIAR
autor nulo,https://github.com/lxc/lxc,f4d5cc8e1f39d132b61e110674528cac727ae0e2,Shell,NÃO FAMILIAR
autor nulo,https://github.com/seam2/jboss-seam,090aa6252affc978a96c388e3fc2c1c2688d9bb5,Java,NÃO FAMILIAR
autor nulo,https://github.com/torvalds/linux,7d267278a9ece963d77eefec61630223fce08c6c,C,NÃO FAMILIAR
autor nulo,https://github.com/torvalds/linux,f2e5ddcc0d12f9c4c7b254358ad245c9dddce13b,C,NÃO FAMILIAR
autor nulo,https://github.com/torvalds/linux,2def2ef2ae5f3990aabdbe8a755911902707d268,C,NÃO FAMILIAR
autor nulo,https://github.com/torvalds/linux,a08d3b3b99efd509133946056531cdf8f3a0c09b,C,NÃO FAMILIAR
autor nulo,https://github.com/ruby-ldap/ruby-net-ldap,b412ca05f6b430eaa1ce97ac95885b4cf187b04a,Ruby,NÃO FAMILIAR
autor nulo,https://github.com/torvalds/linux,86acdca1b63e6890540fa19495cfc708beff3d8b,C,NÃO FAMILIAR
autor nulo,https://github.com/adaptivecomputing/torque,3ed749263abe3d69fa3626d142a5789dcb5a5684,C,NÃO FAMILIAR
autor nulo,https://github.com/sidhpurwala-huzaifa/FreeRDP,e2745807c4c3e0a590c0f69a9b655dc74ebaa03e,C,NÃO FAMILIAR
autor nulo,https://github.com/torvalds/linux,96b340406724d87e4621284ebac5e059d67b2194,C,NÃO FAMILIAR
autor nulo,https://github.com/torvalds/linux,2b13d06c9584b4eb773f1e80bbaedab9a1c344e1,C,NÃO FAMILIAR
autor nulo,https://github.com/torvalds/linux,8e3fbf870481eb53b2d3a322d1fc395ad8b367ed,C,NÃO FAMILIAR
autor nulo,https://github.com/torvalds/linux,e6a623460e5fc960ac3ee9f946d3106233fd28d8,C,NÃO FAMILIAR
autor nulo,https://github.com/torvalds/linux,8d7f6690cedb83456edd41c9bd583783f0703bf0,Perl,NÃO FAMILIAR
autor nulo,https://github.com/facebook/hhvm,851fff90a9b7461df2393af32239ba217bc25946,C++,NÃO FAMILIAR
autor nulo,https://github.com/torvalds/linux,21f8aaee0c62708654988ce092838aa7df4d25d8,C,NÃO FAMILIAR
autor nulo,https://github.com/wikimedia/mediawiki-core,0b695ae09aada343ab59be4a3c9963995a1143b6,PHP,NÃO FAMILIAR
autor nulo,https://github.com/torvalds/linux,a03ffcf873fe0f2565386ca8ef832144c42e67fa,C,NÃO FAMILIAR
autor nulo,https://github.com/torvalds/linux,e9c243a5a6de0be8e584c604d353412584b592f8,C,NÃO FAMILIAR
autor nulo,https://github.com/torvalds/linux,c54def7bd64d7c0b6993336abcffb8444795bf38,C,NÃO FAMILIAR
autor nulo,https://github.com/torvalds/linux,ad3e14d7c5268c2e24477c6ef54bbdf88add5d36,C,NÃO FAMILIAR
autor nulo,https://github.com/torvalds/linux,51217e69697fba92a06e07e16f55c9a52d8e8945,C,NÃO FAMILIAR
autor nulo,https://github.com/torvalds/linux,6817ae225cd650fb1c3295d769298c38b1eba818,C,NÃO FAMILIAR
autor nulo,https://github.com/torvalds/linux,844817e47eef14141cf59b8d5ac08dd11c0a9189,C,NÃO FAMILIAR
autor nulo,https://github.com/torvalds/linux,dab6cf55f81a6e16b8147aed9a843e1691dcd318,C,NÃO FAMILIAR
autor nulo,https://github.com/torvalds/linux,2febc839133280d5a5e8e1179c94ea674489dae2,C,NÃO FAMILIAR
autor nulo,https://github.com/opencart-ce/opencart-ce,c2aafc823bd85876f5e888f8ebc421069a5e076f,PHP,NÃO FAMILIAR
autor nulo,https://github.com/torvalds/linux,137f7df8cead00688524c82360930845396b8a21,C,NÃO FAMILIAR
autor nulo,https://github.com/krb5/krb5,f18ddf5d82de0ab7591a36e465bc24225776940f,C,NÃO FAMILIAR
autor nulo,https://github.com/torvalds/linux,d3217b15a19a4779c39b212358a5c71d725822ee,C,NÃO FAMILIAR
autor nulo,https://github.com/e107inc/e107,f80e417bb3e7ab5c1a89ea9ddd2cd060f54464e1,PHP,NÃO FAMILIAR
autor nulo,https://github.com/lingej/pnp4nagios,cb925073edeeb97eb4ce61a86cdafccc9b87f9bb,PHP,NÃO FAMILIAR
autor nulo,https://github.com/lingej/pnp4nagios,e4a19768a5c5e5b1276caf3dd5bb721a540ec014,PHP,NÃO FAMILIAR
autor nulo,https://github.com/pderksen/WP-Google-Calendar-Events,a701ceeb410bdda9d96c9d3d12104630df5d5b43,PHP,NÃO FAMILIAR
autor nulo,https://github.com/torvalds/linux,c88547a8119e3b581318ab65e9b72f27f23e641d,C,NÃO FAMILIAR
autor nulo,https://github.com/torvalds/linux,8d0207652cbe27d1f962050737848e5ad4671958,C,NÃO FAMILIAR
autor nulo,https://github.com/torvalds/linux,db29a9508a9246e77087c5531e45b2c88ec6988b,C,NÃO FAMILIAR
autor nulo,https://github.com/torvalds/linux,eee5cc2702929fd41cce28058dc6d6717f723f87,C,NÃO FAMILIAR
autor nulo,https://github.com/openssl/openssl,470990fee0182566d439ef7e82d1abf18b7085d7,C,NÃO FAMILIAR
autor nulo,https://github.com/LaboCNIL/CookieViz,489b6050f6c53fe7b24c4bed3eeb9c25543960e2,PHP,NÃO FAMILIAR
autor nulo,https://github.com/torvalds/linux,3d32e4dbe71374a6780eaf51d719d76f9a9bf22f,C,NÃO FAMILIAR
autor nulo,https://github.com/torvalds/linux,f2e323ec96077642d397bb1c355def536d489d16,C,NÃO FAMILIAR
autor nulo,https://github.com/axkibe/lsyncd,e6016b3748370878778b8f0b568d5281cc248aa4,Lua,NÃO FAMILIAR
autor nulo,https://github.com/vrtadmin/clamav-devel,fc3794a54d2affe5770c1f876484a871c783e91e,C,NÃO FAMILIAR
autor nulo,https://github.com/Pligg/pligg-cms,4891c4d8742b9dabd67e7250840e3434865aebed,PHP,NÃO FAMILIAR
autor nulo,https://github.com/Pligg/pligg-cms,efb967b944375cd3ea3cd84c80d86d339dbe030e,PHP,NÃO FAMILIAR
autor nulo,https://github.com/forkcms/forkcms,4a7814762adf4f56f932d95146c7e4126d872114,PHP,NÃO FAMILIAR
autor nulo,https://github.com/videolan/vlc,fbe2837bc80f155c001781041a54c58b5524fc14,C,NÃO FAMILIAR
autor nulo,https://github.com/videolan/vlc,2e7c7091a61aa5d07e7997b393d821e91f593c39,C,NÃO FAMILIAR
autor nulo,https://github.com/videolan/vlc,9bb0353a5c63a7f8c6fc853faa3df4b4df1f5eb5,C,NÃO FAMILIAR
autor nulo,https://github.com/videolan/vlc,204291467724867b79735c0ee3aeb0dbc2200f97,C,NÃO FAMILIAR
autor nulo,https://github.com/gosa-project/gosa-core,e35b990464a2c2cf64d6833a217ed944876e7732,PHP,NÃO FAMILIAR
autor nulo,https://github.com/torvalds/linux,0ea1ec713f04bdfac343c9702b21cd3a7c711826,C,NÃO FAMILIAR
autor nulo,https://github.com/torvalds/linux,c88e739b1fad662240e99ecbd0bdaac871717987,C,NÃO FAMILIAR
autor nulo,https://github.com/torvalds/linux,6217e5ede23285ddfee10d2e4ba0cc2d4c046205,C,NÃO FAMILIAR
autor nulo,https://github.com/perl5-dbi/DBD-mysql,a56ae87a4c1c1fead7d09c3653905841ccccf1cc,C,NÃO FAMILIAR
autor nulo,https://github.com/torvalds/linux,9709674e68646cee5a24e3000b3558d25412203a,C,NÃO FAMILIAR
autor nulo,https://github.com/torvalds/linux,69c433ed2ecd2d3264efd7afec4439524b319121,C,NÃO FAMILIAR
autor nulo,https://github.com/torvalds/linux,8275cdd0e7ac550dcce2b3ef6d2fb3b808c1ae59,C,NÃO FAMILIAR
autor nulo,https://github.com/torvalds/linux,0f2af21aae11972fa924374ddcf52e88347cf5a8,C,NÃO FAMILIAR
autor nulo,https://github.com/torvalds/linux,ca4da5dd1f99fe9c59f1709fb43e818b18ad20e0,C,NÃO FAMILIAR
autor nulo,https://github.com/lxc/lxc,5c3fcae78b63ac9dd56e36075903921bd9461f9e,C,NÃO FAMILIAR
autor nulo,https://github.com/lxc/lxd,19c6961cc1012c8a529f20807328a9357f5034f4,Go,NÃO FAMILIAR
autor nulo,https://github.com/osTicket/osTicket-1.8,b38b3ca7235002137cc9ff74b3c24a4a78c9c2d1,PHP,NÃO FAMILIAR
autor nulo,https://github.com/torvalds/linux,4e7c22d447bb6d7e37bfe39ff658486ae78e8d77,C,NÃO FAMILIAR
autor nulo,https://github.com/openssl/openssl,4924b37ee01f71ae19c94a8934b80eeb2f677932,C++,NÃO FAMILIAR
autor nulo,https://github.com/torvalds/linux,637b58c2887e5e57850865839cc75f59184b23d1,C,NÃO FAMILIAR
autor nulo,https://github.com/torvalds/linux,f0d1bec9d58d4c038d0ac958c9af82be6eb18045,C,NÃO FAMILIAR
autor nulo,https://github.com/torvalds/linux,f84598bd7c851f8b0bf8cd0d7c3be0d73c432ff4,C,NÃO FAMILIAR
autor nulo,https://github.com/torvalds/linux,06c8173eb92bbfc03a0fe8bb64315857d0badd06,C,NÃO FAMILIAR
autor nulo,https://github.com/torvalds/linux,4de930efc23b92ddf88ce91c405ee645fe6e27ea,C,NÃO FAMILIAR
autor nulo,https://github.com/sysphonic/thetis,4ca3f5f486759660b87d7c146f1fdc11264f56eb,Ruby,NÃO FAMILIAR
autor nulo,https://github.com/sysphonic/thetis,842e44f0c2bd7d680430bb89a3bb78fd744961f9,Ruby,NÃO FAMILIAR
autor nulo,https://github.com/sysphonic/thetis,a61dc72035c7ae0b06f6d7dc8b2a848ffc7db277,Ruby,NÃO FAMILIAR
autor nulo,https://github.com/sysphonic/thetis,d9ed965075634ca1a095b480b459c68445ce951d,Ruby,NÃO FAMILIAR
autor nulo,https://github.com/abrt/abrt,3746b7627218438ae7d781fc8b18a221454e9091,Python,NÃO FAMILIAR
autor nulo,https://github.com/YanVugenfirer/kvm-guest-drivers-windows,fbfa4d1083ea84c5429992ca3e996d7d4fbc8238,C++,NÃO FAMILIAR
autor nulo,https://github.com/trevp/tlslite,aca8d4f898b436ff6754e1a9ab96cae976c8a853,Python,NÃO FAMILIAR
autor nulo,https://github.com/torvalds/linux,59c816c1f24df0204e01851431d3bab3eb76719c,C,NÃO FAMILIAR
autor nulo,https://github.com/pimcore/pimcore,4f2a95f877d406a054f9f2253475fe58c76aa03d,PHP,NÃO FAMILIAR
autor nulo,https://github.com/pimcore/pimcore,1c6692e8287deed7f3356b6a1e2e9b7fe4e858dd,PHP,NÃO FAMILIAR
autor nulo,https://github.com/torvalds/linux,3f7352bf21f8fd7ba3e2fcef9488756f188e12be,C,NÃO FAMILIAR
autor nulo,https://github.com/abrt/abrt,3c1b60cfa62d39e5fff5a53a5bc53dae189e740e,C,NÃO FAMILIAR
autor nulo,https://github.com/abrt/libreport,257578a23d1537a2d235aaa2b1488ee4f818e360,C,NÃO FAMILIAR
autor nulo,https://github.com/torvalds/linux,beb39db59d14990e401e235faf66a6b9b31240b0,C,NÃO FAMILIAR
autor nulo,https://github.com/bittorrent/bootstrap-dht,e809ea80e3527e32c40756eddd8b2ae44bc3af1a,C++,NÃO FAMILIAR
autor nulo,https://github.com/torvalds/linux,f15133df088ecadd141ea1907f2c96df67c729f0,C,NÃO FAMILIAR
autor nulo,https://github.com/torvalds/linux,451a2886b6bf90e2fb378f7c46c655450fb96e81,C,NÃO FAMILIAR
autor nulo,https://github.com/torvalds/linux,fdc81f45e9f57858da6351836507fbcf1b7583ee,C,NÃO FAMILIAR
autor nulo,https://github.com/bcit-ci/CodeIgniter,0dde92def6b9f276f05ff77abb07ead318f9ec23,PHP,NÃO FAMILIAR
autor nulo,https://github.com/miltonio/milton2,5f81b0c48a817d4337d8b0e99ea0b4744ecd720b,Java,NÃO FAMILIAR
autor nulo,https://github.com/torvalds/linux,0185604c2d82c560dab2f2933a18f797e74ab5a8,C,NÃO FAMILIAR
autor nulo,https://github.com/torvalds/linux,eda98796aff0d9bf41094b06811f5def3b4c333c,C,NÃO FAMILIAR
autor nulo,https://github.com/torvalds/linux,4b6184336ebb5c8dc1eae7f7ab46ee608a748b05,C,NÃO FAMILIAR
autor nulo,https://github.com/torvalds/linux,8c7188b23474cca017b3ef354c4a58456f68303a,C,NÃO FAMILIAR
autor nulo,https://github.com/Unrud/Radicale,bcaf452e516c02c9bed584a73736431c5e8831f1,Python,NÃO FAMILIAR
autor nulo,https://github.com/gosa-project/gosa-core,a67a047cba2cdae8bccb0f0e2bc6d3eb45cfcbc8,PHP,NÃO FAMILIAR
autor nulo,https://github.com/torvalds/linux,3ca8138f014a913f98e6ef40e939868e1e9ea876,C,NÃO FAMILIAR
autor nulo,https://github.com/torvalds/linux,67f1aee6f45059fd6b0f5b0ecb2c97ad0451f6b3,C,NÃO FAMILIAR
autor nulo,https://github.com/torvalds/linux,4c185ce06dca14f5cea192f5a2c981ef50663f2b,C,NÃO FAMILIAR
autor nulo,https://github.com/torvalds/linux,ea3d7209ca01da209cda6f0dea8be9cc4b7a933b,C,NÃO FAMILIAR
autor nulo,https://github.com/broofa/node-uuid,672f3834ed02c798aa021c618d0a5666c8da000d,JavaScript,NÃO FAMILIAR
autor nulo,https://github.com/ImageMagick/ImageMagick,4f68e9661518463fca523c9726bb5d940a2aa6d8,Objective-C,NÃO FAMILIAR
autor nulo,https://github.com/ImageMagick/ImageMagick,5b4bebaa91849c592a8448bc353ab25a54ff8c44,Objective-C,NÃO FAMILIAR
autor nulo,https://github.com/torvalds/linux,8fff105e13041e49b82f92eef034f363a6b1c071,C,NÃO FAMILIAR
autor nulo,https://github.com/torvalds/linux,951b6a0717db97ce420547222647bcc40bf1eacd,C,NÃO FAMILIAR
autor nulo,https://github.com/ImageMagick/ImageMagick,78f82d9d1c2944725a279acd573a22168dc6e22a,Objective-C,NÃO FAMILIAR
autor nulo,https://github.com/ImageMagick/ImageMagick,bd96074b254c6607a0f7731e59f923ad19d5a46d,Objective-C,NÃO FAMILIAR
autor nulo,https://github.com/ImageMagick/ImageMagick,1aa0c6dab6dcef4d9bc3571866ae1c1ddbec7d8f,Objective-C,NÃO FAMILIAR
autor nulo,https://github.com/ImageMagick/ImageMagick,6b4aff0f117b978502ee5bcd6e753c17aec5a961,Objective-C,NÃO FAMILIAR
autor nulo,https://github.com/ImageMagick/ImageMagick,8ea44b48a182dd46d018f4b4f09a5e2ee9638105,Objective-C,NÃO FAMILIAR
autor nulo,https://github.com/ImageMagick/ImageMagick,b8f17d08b7418204bf8a05a5c24e87b2fc395b75,Objective-C,NÃO FAMILIAR
autor nulo,https://github.com/ImageMagick/ImageMagick,cc2a4d2ba5371d25c58763e4db2dbc1f4691c0f7,C++,NÃO FAMILIAR
autor nulo,https://github.com/torvalds/linux,6934da9238da947628be83635e365df41064b09b,C,NÃO FAMILIAR
autor nulo,https://github.com/torvalds/linux,12ca6ad2e3a896256f086497a7c7406a547ee373,C,NÃO FAMILIAR
autor nulo,https://github.com/torvalds/linux,76cc404bfdc0d419c720de4daaf2584542734f42,C,NÃO FAMILIAR
autor nulo,https://github.com/torvalds/linux,c623b33b4e9599c6ac5076f7db7369eb9869aa04,C,NÃO FAMILIAR
autor nulo,https://github.com/torvalds/linux,c3c87e770458aa004bd7ed3f29945ff436fd6511,C,NÃO FAMILIAR
autor nulo,https://github.com/torvalds/linux,0048b4837affd153897ed1222283492070027aa9,C,NÃO FAMILIAR
autor nulo,https://github.com/torvalds/linux,23567fd052a9abb6d67fe8e7a9ccdd9800a540f2,C,NÃO FAMILIAR
autor nulo,https://github.com/klacke/yaws,9d8fb070e782c95821c90d0ca7372fc6d7316c78,Erlang,NÃO FAMILIAR
autor nulo,https://github.com/ImageMagick/ImageMagick,13db820f5e24cd993ee554e99377fea02a904e18,Objective-C,NÃO FAMILIAR
autor nulo,https://github.com/ImageMagick/ImageMagick,933e96f01a8c889c7bf5ffd30020e86a02a046e7,Objective-C,NÃO FAMILIAR
autor nulo,https://github.com/ImageMagick/ImageMagick,4e914bbe371433f0590cefdf3bd5f3a5710069f9,C,NÃO FAMILIAR
autor nulo,https://github.com/ImageMagick/ImageMagick,94936efda8aa63563211eda07a5ade92abb32f7a,C,NÃO FAMILIAR
autor nulo,https://github.com/ImageMagick/ImageMagick,63302366a63602acbaad5c8223a105811b2adddd,C,NÃO FAMILIAR
autor nulo,https://github.com/ImageMagick/ImageMagick,a6240a163cb787909703d9fc649cf861f60ddd7c,C,NÃO FAMILIAR
autor nulo,https://github.com/ImageMagick/ImageMagick,1bc1fd0ff8c555841c78829217ac81fa0598255d,C,NÃO FAMILIAR
autor nulo,https://github.com/torvalds/linux,128394eff343fc6d2f32172f03e24829539c5835,C,NÃO FAMILIAR
autor nulo,https://github.com/lxc/lxc,e986ea3dfa4a2957f71ae9bfaed406dd6e1ffff6,Perl,NÃO FAMILIAR
autor nulo,https://github.com/torvalds/linux,a0f1d21c1ccb1da66629627a74059dd7f5ac9c61,C,NÃO FAMILIAR
autor nulo,https://github.com/mm2/Little-CMS,5ca71a7bc18b6897ab21d815d15e218e204581e2,C++,NÃO FAMILIAR
autor nulo,https://github.com/torvalds/linux,32c231164b762dddefa13af5a0101032c70b50ef,C,NÃO FAMILIAR
autor nulo,https://github.com/torvalds/linux,197c949e7798fbf28cfadc69d9ca0c2abbf93191,C,NÃO FAMILIAR
autor nulo,https://github.com/doxygen/doxygen,1cc1adad2de03a0f013881b8960daf89aa155081,PHP,NÃO FAMILIAR
autor nulo,https://github.com/LibreOffice/core,7485fc2a1484f31631f62f97e5c64c0ae74c6416,Batchfile,NÃO FAMILIAR
autor nulo,https://github.com/uWebSockets/uWebSockets,37deefd01f0875e133ea967122e3a5e421b8fcd9,C++,NÃO FAMILIAR
autor nulo,https://github.com/sequelize/sequelize,c876192aa6ce1f67e22b26a4d175b8478615f42d,JavaScript,NÃO FAMILIAR
autor nulo,https://github.com/torvalds/linux,04197b341f23b908193308b8d63d17ff23232598,C,NÃO FAMILIAR
autor nulo,https://github.com/torvalds/linux,193e87143c290ec16838f5368adc0e0bc94eb931,C,NÃO FAMILIAR
autor nulo,https://github.com/kobebeauty/php-contact-form,e7d094ca8ab15215c32d6fa04d17e8519c8d21cf,PHP,NÃO FAMILIAR
autor nulo,https://github.com/Unrud/Radicale,b4b3d51f33c7623d312f289252dd7bbb8f58bbe6,Python,NÃO FAMILIAR
autor nulo,https://github.com/torvalds/linux,613317bd212c585c20796c10afe5daaa95d4b0a1,C,NÃO FAMILIAR
autor nulo,https://github.com/torvalds/linux,3446c13b268af86391d06611327006b059b8bab1,C,NÃO FAMILIAR
autor nulo,https://github.com/torvalds/linux,9c6ba456711687b794dcf285856fc14e2c76074f,C,NÃO FAMILIAR
autor nulo,https://github.com/torvalds/linux,4ec0ef3a82125efc36173062a50624550a900ae0,C,NÃO FAMILIAR
autor nulo,https://github.com/atutor/ATutor,945a9dca01def8536516088da30fe6a4b7e9fa85,PHP,NÃO FAMILIAR
autor nulo,https://github.com/torvalds/linux,42cb14b110a5698ccf26ce59c4441722605a3743,C,NÃO FAMILIAR
autor nulo,https://github.com/torvalds/linux,54d83fc74aa9ec72794373cb47432c5f7fb1a309,C,NÃO FAMILIAR
autor nulo,https://github.com/torvalds/linux,d157bd761585605b7882935ffb86286919f62ea1,C,NÃO FAMILIAR
autor nulo,https://github.com/torvalds/linux,8b8addf891de8a00e4d39fc32f93f7c5eb8feceb,C,NÃO FAMILIAR
autor nulo,https://github.com/mjg59/linux,d7a6be58edc01b1c66ecd8fcc91236bfbce0a420,C,NÃO FAMILIAR
autor nulo,https://github.com/mjg59/linux,a4a5ed2835e8ea042868b7401dced3f517cafa76,C,NÃO FAMILIAR
autor nulo,https://github.com/torvalds/linux,9842df62004f366b9fed2423e24df10542ee0dc5,C,NÃO FAMILIAR
autor nulo,https://github.com/torvalds/linux,45f6fad84cc305103b28d73482b344d7f5b76f39,C,NÃO FAMILIAR
autor nulo,https://github.com/torvalds/linux,38327424b40bcebe2de92d07312c89360ac9229a,C,NÃO FAMILIAR
autor nulo,https://github.com/torvalds/linux,2c1f6951a8a82e6de0d82b1158b5e493fc6c54ab,C,NÃO FAMILIAR
autor nulo,https://github.com/torvalds/linux,1f461dcdd296eecedaffffc6bae2bfa90bd7eb89,C,NÃO FAMILIAR
autor nulo,https://github.com/torvalds/linux,99d825822eade8d827a1817357cbf3f889a552d6,C,NÃO FAMILIAR
autor nulo,https://github.com/torvalds/linux,45e093ae2830cd1264677d47ff9a95a71f5d9f9c,C,NÃO FAMILIAR
autor nulo,https://github.com/torvalds/linux,ce683e5f9d045e5d67d1312a42b359cb2ab2a13c,C,NÃO FAMILIAR
autor nulo,https://github.com/torvalds/linux,6e94e0cfb0887e4013b3b930fa6ab1fe6bb6ba91,C,NÃO FAMILIAR
autor nulo,https://github.com/torvalds/linux,aa93d1fee85c890a34f2510a310e55ee76a27848,C,NÃO FAMILIAR
autor nulo,https://github.com/nov/jose-php,1cce55e27adf0274193eb1cd74b927a398a3df4b,PHP,NÃO FAMILIAR
autor nulo,https://github.com/ImageMagick/ImageMagick,fc43974d34318c834fbf78570ca1a3764ed8c7d7,C,NÃO FAMILIAR
autor nulo,https://github.com/torvalds/linux,75ff39ccc1bd5d3c455b6822ab09e533c551f758,C,NÃO FAMILIAR
autor nulo,https://github.com/ImageMagick/ImageMagick,d8ab7f046587f2e9f734b687ba7e6e10147c294b,Objective-C,NÃO FAMILIAR
autor nulo,https://github.com/torvalds/linux,532c34b5fbf1687df63b3fcd5b2846312ac943c6,C,NÃO FAMILIAR
autor nulo,https://github.com/torvalds/linux,096cdc6f52225835ff503f987a0d68ef770bb78e,C,NÃO FAMILIAR
autor nulo,https://github.com/torvalds/linux,11f3710417d026ea2f4fcf362d866342c5274185,C,NÃO FAMILIAR
autor nulo,https://github.com/torvalds/linux,54d5ca871e72f2bb172ec9323497f01cd5091ec7,C,NÃO FAMILIAR
autor nulo,https://github.com/torvalds/linux,9409e22acdfc9153f88d9b1ed2bd2a5b34d2d3ca,C,NÃO FAMILIAR
autor nulo,https://github.com/torvalds/linux,51093254bf879bc9ce96590400a87897c7498463,C,NÃO FAMILIAR
autor nulo,https://github.com/ImageMagick/ImageMagick,dd84447b63a71fa8c3f47071b09454efc667767b,Objective-C,NÃO FAMILIAR
autor nulo,https://github.com/torvalds/linux,f63a8daa5812afef4f06c962351687e1ff9ccb2b,C,NÃO FAMILIAR
autor nulo,https://github.com/torvalds/linux,bb1fceca22492109be12640d49f5ea5a544c6bb4,C,NÃO FAMILIAR
autor nulo,https://github.com/ghantoos/lshell,a686f71732a3d0f16df52ef46ab8a49ee0083c68,Python,NÃO FAMILIAR
autor nulo,https://github.com/ghantoos/lshell,e72dfcd1f258193f9aaea3591ecbdaed207661a0,Python,NÃO FAMILIAR
autor nulo,https://github.com/ImageMagick/ImageMagick,8f8959033e4e59418d6506b345829af1f7a71127,Objective-C,NÃO FAMILIAR
autor nulo,https://github.com/torvalds/linux,7bc2b55a5c030685b399bb65b6baa9ccc3d1f167,C,NÃO FAMILIAR
autor nulo,https://github.com/ImageMagick/ImageMagick,14e606db148d6ebcaae20f1e1d6d71903ca4a556,Objective-C,NÃO FAMILIAR
autor nulo,https://github.com/ImageMagick/ImageMagick,f8c318d462270b03e77f082e2a3a32867cacd3c6,Objective-C,NÃO FAMILIAR
autor nulo,https://github.com/ImageMagick/ImageMagick,b60d1ed0af37c50b91a40937825b4c61e8458095,C,NÃO FAMILIAR
autor nulo,https://github.com/ImageMagick/ImageMagick,b3dd69b23e9338806891c708a0cc8a82c0d1872a,C,NÃO FAMILIAR
autor nulo,https://github.com/ImageMagick/ImageMagick,7be16a280014f895a951db4948df316a23dabc09,Objective-C,NÃO FAMILIAR
autor nulo,https://github.com/ImageMagick/ImageMagick,a2e1064f288a353bc5fef7f79ccb7683759e775c,Objective-C,NÃO FAMILIAR
autor nulo,https://github.com/ImageMagick/ImageMagick,c4e63ad30bc42da691f2b5f82a24516dd6b4dc70,Objective-C,NÃO FAMILIAR
autor nulo,https://github.com/ImageMagick/ImageMagick,bef1e4f637d8f665bc133a9c6d30df08d983bc3a,C,NÃO FAMILIAR
autor nulo,https://github.com/ImageMagick/ImageMagick,6d202a0514fb6a406456b8b728cde776becb25f8,Objective-C,NÃO FAMILIAR
autor nulo,https://github.com/ImageMagick/ImageMagick,82e2049862a8b8a999e160734ad64fb6cc3b145f,Objective-C,NÃO FAMILIAR
autor nulo,https://github.com/ImageMagick/ImageMagick,a7bb158b7bedd1449a34432feb3a67c8f1873bfa,Objective-C,NÃO FAMILIAR
autor nulo,https://github.com/ImageMagick/ImageMagick,90406972f108c4da71f998601b06abdc2ac6f06e,Objective-C,NÃO FAMILIAR
autor nulo,https://github.com/torvalds/linux,c58d6c93680f28ac58984af61d0a7ebf4319c241,C,NÃO FAMILIAR
autor nulo,https://github.com/torvalds/linux,d9092f52d7e61dd1557f2db2400ddb430e85937e,C++,NÃO FAMILIAR
autor nulo,https://github.com/torvalds/linux,667121ace9dbafb368618dbabcf07901c962ddac,C,NÃO FAMILIAR
autor nulo,https://github.com/torvalds/linux,647bf3d8a8e5777319da92af672289b2a6c4dc66,C,NÃO FAMILIAR
autor nulo,https://github.com/dracutdevs/dracut,0db98910a11c12a454eac4c8e86dc7a7bbc764a4,Shell,NÃO FAMILIAR
autor nulo,https://github.com/torvalds/linux,ac6e780070e30e4c35bd395acfe9191e6268bdd3,C,NÃO FAMILIAR
autor nulo,https://github.com/lxc/lxc,81f466d05f2a89cb4f122ef7f593ff3f279b165c,C,NÃO FAMILIAR
autor nulo,https://github.com/torvalds/linux,ded89912156b1a47d940a0c954c43afbabd0c42c,C,NÃO FAMILIAR
autor nulo,https://github.com/ImageMagick/ImageMagick,6e48aa92ff4e6e95424300ecd52a9ea453c19c60,C,NÃO FAMILIAR
autor nulo,https://github.com/torvalds/linux,1c109fabbd51863475cd12ac206bdd249aee35af,C,NÃO FAMILIAR
autor nulo,https://github.com/ImageMagick/ImageMagick,ce98a7acbcfca7f0a178f4b1e7b957e419e0cc99,Objective-C,NÃO FAMILIAR
autor nulo,https://github.com/torvalds/linux,2e83b79b2d6c78bf1b4aa227938a214dcbddc83f,C,NÃO FAMILIAR
autor nulo,https://github.com/torvalds/linux,9b57da0630c9fd36ed7a20fc0f98dc82cc0777fa,C,NÃO FAMILIAR
autor nulo,https://github.com/torvalds/linux,b98b0bc8c431e3ceb4b26b0dfc8db509518fb290,C,NÃO FAMILIAR
autor nulo,https://github.com/torvalds/linux,79dc7e3f1cd323be4c81aa1a94faa1b3ed987fb2,C,NÃO FAMILIAR
autor nulo,https://github.com/recurly/recurly-client-net,9eef460c0084afd5c24d66220c8b7a381cf9a1f1,C#,NÃO FAMILIAR
autor nulo,https://github.com/open-iscsi/tcmu-runner,61bd03e600d2abf309173e9186f4d465bb1b7157,C,NÃO FAMILIAR
autor nulo,https://github.com/WBCE/WBCE_CMS,0da620016aec17ac2d2f3a22c55ab8c2b55e691e,PHP,NÃO FAMILIAR
autor nulo,https://github.com/torvalds/linux,f2fcfcd670257236ebf2088bbdf26f6a8ef459fe,C,NÃO FAMILIAR
autor nulo,https://github.com/torvalds/linux,1e38da300e1e395a15048b0af1e5305bd91402f6,C,NÃO FAMILIAR
autor nulo,https://github.com/torvalds/linux,b9dd46188edc2f0d1f37328637860bb65a771124,C,NÃO FAMILIAR
autor nulo,https://github.com/torvalds/linux,15d3042a937c13f5d9244241c7a9c8416ff6e82a,C,NÃO FAMILIAR
autor nulo,https://github.com/GNOME/gnome-session,b0dc999e0b45355314616321dbb6cb71e729fc9d,C,NÃO FAMILIAR
autor nulo,https://github.com/VirusTotal/yara,4a342f01e5439b9bb901aff1c6c23c536baeeb3f,C,NÃO FAMILIAR
autor nulo,https://github.com/ImageMagick/ImageMagick,f6463ca9588579633bbaed9460899d892aa3c64a,Objective-C,NÃO FAMILIAR
autor nulo,https://github.com/ImageMagick/ImageMagick,816ecab6c532ae086ff4186b3eaf4aa7092d536f,C,NÃO FAMILIAR
autor nulo,https://github.com/ImageMagick/ImageMagick,83e0f8ffd7eeb7661b0ff83257da23d24ca7f078,Objective-C,NÃO FAMILIAR
autor nulo,https://github.com/torvalds/linux,2b04e8f6bbb196cab4b232af0f8d48ff2c7a8058,C,NÃO FAMILIAR
autor nulo,https://github.com/ImageMagick/ImageMagick,307fa45d512641fcd105f0d57ca50c1437cd1b81,C,NÃO FAMILIAR
autor nulo,https://github.com/ImageMagick/ImageMagick,c9aa9f80828594eacbe3affe16c43d623562e5d8,C,NÃO FAMILIAR
autor nulo,https://github.com/ImageMagick/ImageMagick,d9ccd8227c4c88a907cda5278408b73552cb0c07,C,NÃO FAMILIAR
autor nulo,https://github.com/ImageMagick/ImageMagick,a33f7498f9052b50e8fe8c8422a11ba84474cb42,C++,NÃO FAMILIAR
autor nulo,https://github.com/ImageMagick/ImageMagick,bd40cc5f53067322861b881485cbd70f509f3829,Objective-C,NÃO FAMILIAR
autor nulo,https://github.com/ImageMagick/ImageMagick,1dc0ac5016f1c4d50b100a086526d6a2453a5444,Objective-C,NÃO FAMILIAR
autor nulo,https://github.com/ImageMagick/ImageMagick,c1b09bbec148f6ae11d0b686fdb89ac6dc0ab14e,C,NÃO FAMILIAR
autor nulo,https://github.com/ImageMagick/ImageMagick,d5559407ce29f4371e5df9c1cbde65455fe5854c,Matlab,NÃO FAMILIAR
autor nulo,https://github.com/ImageMagick/ImageMagick,bfb7915d4b2e11acb6a819e451c382dc645277db,C,NÃO FAMILIAR
autor nulo,https://github.com/ImageMagick/ImageMagick,2ba8f335fa06daf1165e0878462686028e633a74,Objective-C,NÃO FAMILIAR
autor nulo,https://github.com/ImageMagick/ImageMagick,73b6c35cede48ccb2e29dbe62c2d77488e5e70b7,Objective-C,NÃO FAMILIAR
autor nulo,https://github.com/simplesamlphp/simplesamlphp,4bc629658e7b7d17c9ac3fe0da7dc5df71f1b85e,PHP,NÃO FAMILIAR
autor nulo,https://github.com/simplesamlphp/simplesamlphp,77df6a932d46daa35e364925eb73a175010dc904,PHP,NÃO FAMILIAR
autor nulo,https://github.com/ImageMagick/ImageMagick,1cc6f0ccc92c20c7cab6c4a7335daf29c91f0d8e,Objective-C,NÃO FAMILIAR
autor nulo,https://github.com/ImageMagick/ImageMagick,04178de2247e353fc095846784b9a10fefdbf890,C,NÃO FAMILIAR
autor nulo,https://github.com/ImageMagick/ImageMagick,51b0ae01709adc1e4a9245e158ef17b85a110960,C,NÃO FAMILIAR
autor nulo,https://github.com/ImageMagick/ImageMagick,f13c6b54a879aaa771ec64b5a066b939e8f8e7f0,Objective-C,NÃO FAMILIAR
autor nulo,https://github.com/ImageMagick/ImageMagick,79e5dbcdd1fc2f714f9bae548bc55d5073f3ed20,C,NÃO FAMILIAR
autor nulo,https://github.com/FFmpeg/FFmpeg,124eb202e70678539544f6268efc98131f19fa49,C,NÃO FAMILIAR
autor nulo,https://github.com/FFmpeg/FFmpeg,96f24d1bee7fe7bac08e2b7c74db1a046c9dc0de,C,NÃO FAMILIAR
autor nulo,https://github.com/FFmpeg/FFmpeg,7f9ec5593e04827249e7aeb466da06a98a0d7329,C,NÃO FAMILIAR
autor nulo,https://github.com/FFmpeg/FFmpeg,7e80b63ecd259d69d383623e75b318bf2bd491f6,C,NÃO FAMILIAR
autor nulo,https://github.com/FFmpeg/FFmpeg,9d00fb9d70ee8c0cc7002b89318c5be00f1bbdad,C,NÃO FAMILIAR
autor nulo,https://github.com/FFmpeg/FFmpeg,900f39692ca0337a98a7cf047e4e2611071810c2,C,NÃO FAMILIAR
autor nulo,https://github.com/FFmpeg/FFmpeg,c24bcb553650b91e9eff15ef6e54ca73de2453b7,C,NÃO FAMILIAR
autor nulo,https://github.com/ImageMagick/ImageMagick,bdbbb13f1fe9b7e2465502c500561720f7456aac,Objective-C,NÃO FAMILIAR
autor nulo,https://github.com/ImageMagick/ImageMagick,50f54462076648ac2e36c3f58f4dadd4babbf1c9,Objective-C,NÃO FAMILIAR
autor nulo,https://github.com/ImageMagick/ImageMagick,d9a8234d211da30baf9526fbebe9a8438ea7e11c,Objective-C,NÃO FAMILIAR
autor nulo,https://github.com/ImageMagick/ImageMagick,7d63315a64267c565d1f34b9cb523a14616fed24,C,NÃO FAMILIAR
autor nulo,https://github.com/torvalds/linux,6c85501f2fabcfc4fc6ed976543d252c4eaf4be9,C,NÃO FAMILIAR
autor nulo,https://github.com/jdennis/keycloak-httpd-client-install,07f26e213196936fb328ea0c1d5a66a09d8b5440,Python,NÃO FAMILIAR
autor nulo,https://github.com/ImageMagick/ImageMagick,9fd10cf630832b36a588c1545d8736539b2f1fb5,C++,NÃO FAMILIAR
autor nulo,https://github.com/torvalds/linux,71bb99a02b32b4cc4265118e85f6035ca72923f0,C,NÃO FAMILIAR
autor nulo,https://github.com/phusion/passenger,4043718264095cde6623c2cbe8c644541036d7bf,C++,NÃO FAMILIAR
autor nulo,https://github.com/ImageMagick/ImageMagick,2130bf6f89ded32ef0c88a11694f107c52566c53,C,NÃO FAMILIAR
autor nulo,https://github.com/heimdal/heimdal,1a6a6e462dc2ac6111f9e02c6852ddec4849b887,C,NÃO FAMILIAR
autor nulo,https://github.com/torvalds/linux,bb7f0f989ca7de1153bd128a40a71709e339fa03,C,NÃO FAMILIAR
autor nulo,https://github.com/torvalds/linux,2638fd0f92d4397884fd991d8f4925cb3f081901,C,NÃO FAMILIAR
autor nulo,https://github.com/torvalds/linux,8dca4a41f1ad65043a78c2338d9725f859c8d2c3,C,NÃO FAMILIAR
autor nulo,https://github.com/apple/cups,afa80cb2b457bf8d64f775bed307588610476c41,C,NÃO FAMILIAR
autor nulo,https://github.com/torvalds/linux,dad48e73127ba10279ea33e6dbc8d3905c4d31c0,C,NÃO FAMILIAR
autor nulo,https://github.com/torvalds/linux,b9a41d21dceadf8104812626ef85dc56ee8a60ed,C,NÃO FAMILIAR
autor nulo,https://github.com/torvalds/linux,28f5a8a7c033cbf3e32277f4cc9c6afd74f05300,C,NÃO FAMILIAR
autor nulo,https://github.com/torvalds/linux,6ea8d958a2c95a1d514015d4e29ba21a8c0a1a91,C,NÃO FAMILIAR
autor nulo,https://github.com/torvalds/linux,853bc26a7ea39e354b9f8889ae7ad1492ffa28d2,C,NÃO FAMILIAR
autor nulo,https://github.com/torvalds/linux,27463ad99f738ed93c7c8b3e2e5bc8c4853a2ff2,C,NÃO FAMILIAR
autor nulo,https://github.com/torvalds/linux,70feee0e1ef331b22cc51f383d532a0d043fbdcc,C,NÃO FAMILIAR
autor nulo,https://github.com/torvalds/linux,412b65d15a7f8a93794653968308fc100f2aa87c,C,NÃO FAMILIAR
autor nulo,https://github.com/torvalds/linux,3e4c56d41eef5595035872a2ec5a483f42e8917f,C,NÃO FAMILIAR
autor nulo,https://github.com/torvalds/linux,d4fdf8ba0e5808ba9ad6b44337783bd9935e0982,C,NÃO FAMILIAR
autor nulo,https://github.com/torvalds/linux,cef31d9af908243421258f1df35a4a644604efbe,C,NÃO FAMILIAR
autor nulo,https://github.com/LibVNC/libvncserver,aac95a9dcf4bbba87b76c72706c3221a842ca433,C,NÃO FAMILIAR
autor nulo,https://github.com/qemu/qemu,2563c9c6b8670400c48e562034b321a7cf3d9a85,C,NÃO FAMILIAR
autor nulo,https://github.com/torvalds/linux,43a6684519ab0a6c52024b5e25322476cabad893,C,NÃO FAMILIAR
autor nulo,https://gitlab.com/gnutls/gnutls,c5aaa488a3d6df712dc8dff23a049133cab5ec1b,C,NÃO FAMILIAR
autor nulo,https://gitlab.com/gnutls/gnutls,49be4f7b82eba2363bb8d4090950dad976a77a3a,C,NÃO FAMILIAR
autor nulo,https://gitlab.com/gnutls/gnutls,5140422e0d7319a8e2fe07f02cbcafc4d6538732,C,NÃO FAMILIAR
autor nulo,https://gitlab.com/gnutls/gnutls,94fcf1645ea17223237aaf8d19132e004afddc1a,C,NÃO FAMILIAR
autor nulo,https://github.com/ImageMagick/ImageMagick,9a069e0f2e027ec5138f998023cf9cb62c04889f,Objective-C,NÃO FAMILIAR
autor nulo,https://github.com/ImageMagick/ImageMagick,d4ec73f866a7c42a2e7f301fcd696e5cb7a7d3ab,Objective-C,NÃO FAMILIAR
autor nulo,https://github.com/ImageMagick/ImageMagick,91cc3f36f2ccbd485a0456bab9aebe63b635da88,Objective-C,NÃO FAMILIAR
autor nulo,https://github.com/torvalds/linux,c4e490cf148e85ead0d1b1c2caaba833f1d5b29f,C,NÃO FAMILIAR
autor nulo,https://github.com/torvalds/linux,05a974efa4bdf6e2a150e3f27dc6fcf0a9ad5655,C,NÃO FAMILIAR
autor nulo,https://github.com/torvalds/linux,b9dc6f65bc5e232d1c05fe34b5daadc7e8bbf1fb,C,NÃO FAMILIAR
autor nulo,https://github.com/torvalds/linux,497de07d89c1410d76a15bec2bb41f24a2a89f31,C,NÃO FAMILIAR
autor nulo,https://github.com/torvalds/linux,95e91b831f87ac8e1f8ed50c14d709089b4e01b8,C,NÃO FAMILIAR
autor nulo,https://github.com/torvalds/linux,34b2cef20f19c87999fff3da4071e66937db9644,C,NÃO FAMILIAR
autor nulo,https://github.com/torvalds/linux,321027c1fe77f892f4ea07846aeae08cefbbb290,C,NÃO FAMILIAR
autor nulo,https://github.com/torvalds/linux,ccf7abb93af09ad0868ae9033d1ca8108bdaec82,Swift,NÃO FAMILIAR
autor nulo,https://github.com/torvalds/linux,8b74d439e1697110c5e5c600643e823eb1dd0762,C,NÃO FAMILIAR
autor nulo,https://github.com/torvalds/linux,d199fab63c11998a602205f7ee7ff7c05c97164b,C,NÃO FAMILIAR
autor nulo,https://github.com/torvalds/linux,ca4ef4574f1ee5252e2cd365f8f5d5bafd048f32,C,NÃO FAMILIAR
autor nulo,https://github.com/torvalds/linux,677e806da4d916052585301785d847c3b3e6186a,C,NÃO FAMILIAR
autor nulo,https://github.com/torvalds/linux,f843ee6dd019bcece3e74e76ad9df0155655d0df,C,NÃO FAMILIAR
autor nulo,https://github.com/Netflix/security_monkey,3b4da13efabb05970c80f464a50d3c1c12262466,Python,NÃO FAMILIAR
autor nulo,https://github.com/torvalds/linux,ee0d8d8482345ff97a75a7d747efc309f13b0d80,C,NÃO FAMILIAR
autor nulo,https://github.com/torvalds/linux,49d31c2f389acfe83417083e1208422b4091cd9e,C,NÃO FAMILIAR
autor nulo,https://github.com/torvalds/linux,8f44c9a41386729fea410e688959ddaa9d51be7c,C,NÃO FAMILIAR
autor nulo,https://github.com/torvalds/linux,e6838a29ecb484c97e4efef9429643b9851fba6e,C,NÃO FAMILIAR
autor nulo,https://github.com/LibreOffice/core,28e61b634353110445e334ccaa415d7fb6629d62,C++,NÃO FAMILIAR
autor nulo,https://gitlab.com/gnutls/gnutls,51464af713d71802e3c6d5ac15f1a95132a354fe,C,NÃO FAMILIAR
autor nulo,https://github.com/LibreOffice/core,62a97e6a561ce65e88d4c537a1b82c336f012722,C++,NÃO FAMILIAR
autor nulo,https://github.com/trollepierre/tdm,2e89019d6a491f0a5ac3db8732181f6eb1d219aa,PHP,NÃO FAMILIAR
autor nulo,https://github.com/LibreOffice/core,65dcd1d8195069c8c8acb3a188b8e5616c51029c,C++,NÃO FAMILIAR
autor nulo,https://github.com/torvalds/linux,13bf9fbff0e5e099e2b6f003a0ab8ae145436309,C,NÃO FAMILIAR
autor nulo,https://github.com/torvalds/linux,3b30460c5b0ed762be75a004e924ec3f8711e032,C,NÃO FAMILIAR
autor nulo,https://github.com/torvalds/linux,c919a3069c775c1c876bec55e00b2305d5125caa,C,NÃO FAMILIAR
autor nulo,https://github.com/LibreOffice/core,6e6e54f944a5ebb49e9110bdeff844d00a96c56c,C++,NÃO FAMILIAR
autor nulo,https://github.com/torvalds/linux,b550a32e60a4941994b437a8d662432a486235a5,C,NÃO FAMILIAR
autor nulo,https://github.com/torvalds/linux,f961e3f2acae94b727380c0b74e2d3954d0edf79,C,NÃO FAMILIAR
autor nulo,https://github.com/dinhviethoa/libetpan,1fe8fbc032ccda1db9af66d93016b49c16c1f22d,C,NÃO FAMILIAR
autor nulo,https://github.com/torvalds/linux,657831ffc38e30092a2d5f03d385d710eb88b09a,C,NÃO FAMILIAR
autor nulo,https://github.com/torvalds/linux,fdcee2cbb8438702ea1b328fb6e0ac5e9a40c7f8,C,NÃO FAMILIAR
autor nulo,https://github.com/ImageMagick/ImageMagick,1c358ffe0049f768dd49a8a889c1cbf99ac9849b,Objective-C,NÃO FAMILIAR
autor nulo,https://github.com/kkos/oniguruma,690313a061f7a4fa614ec5cc8368b4f2284e059b,C,NÃO FAMILIAR
autor nulo,https://github.com/kkos/oniguruma,b4bf968ad52afe14e60a2dc8a95d3555c543353a,C,NÃO FAMILIAR
autor nulo,https://github.com/kkos/oniguruma,f015fbdd95f76438cd86366467bb2b39870dd7c6,C,NÃO FAMILIAR
autor nulo,https://github.com/kkos/oniguruma,9690d3ab1f9bcd2db8cbe1fe3ee4a5da606b8814,C,NÃO FAMILIAR
autor nulo,https://github.com/kkos/oniguruma,3b63d12038c8d8fc278e81c942fa9bec7c704c8b,C,NÃO FAMILIAR
autor nulo,https://github.com/kkos/oniguruma,b690371bbf97794b4a1d3f295d4fb9a8b05d402d,C,NÃO FAMILIAR
autor nulo,https://github.com/torvalds/linux,232cd35d0804cc241eb887bb8d4d9b3b9881c64a,C,NÃO FAMILIAR
autor nulo,https://github.com/tikiorg/tiki,6c016e8f066d2f404b18eaa1af7fa0c7a9651ccd,PHP,NÃO FAMILIAR
autor nulo,https://github.com/VirusTotal/yara,10e8bd3071677dd1fa76beeef4bc2fc427cea5e7,C,NÃO FAMILIAR
autor nulo,https://github.com/torvalds/linux,07678eca2cf9c9a18584e546c2b2a0d0c9a3150c,C,NÃO FAMILIAR
autor nulo,https://github.com/elric1/knc,f237f3e09ecbaf59c897f5046538a7b1a3fa40c1,C,NÃO FAMILIAR
autor nulo,https://github.com/nothings/stb,244d83bc3d859293f55812d48b3db168e581f6ab,C++,NÃO FAMILIAR
autor nulo,https://github.com/LimeSurvey/LimeSurvey,1e440208a8d8bfd71ad7802e6369a136e8bba3dd,PHP,NÃO FAMILIAR
autor nulo,https://github.com/rubygems/rubygems,1b931fc03b819b9a0214be3eaca844ef534175e2,Ruby,NÃO FAMILIAR
autor nulo,https://github.com/rubygems/rubygems,254e3d0ee873c008c0b74e8b8abcbdab4caa0a6d,Ruby,NÃO FAMILIAR
autor nulo,https://github.com/rubygems/rubygems,feadefc2d351dcb95d6492f5ad17ebca546eb964,Ruby,NÃO FAMILIAR
autor nulo,https://github.com/rubygems/rubygems,66a28b9275551384fdab45f3591a82d6b59952cb,HTML,NÃO FAMILIAR
autor nulo,https://github.com/rubygems/rubygems,f83f911e19e27cbac1ccce7471d96642241dd759,Ruby,NÃO FAMILIAR
autor nulo,https://github.com/Cisco-Talos/clamav-devel,d96a6b8bcc7439fa7e3876207aa0a8e79c8451b6,C,NÃO FAMILIAR
autor nulo,https://github.com/gosa-project/gosa-core,56070d6289d47ba3f5918885954dcceb75606001,PHP,NÃO FAMILIAR
autor nulo,https://github.com/minio/minio,9c8b7306f55f2c8c0a5c7cea9a8db9d34be8faa7,Go,NÃO FAMILIAR
autor nulo,https://github.com/LimeSurvey/LimeSurvey,20fc85edccc80e7e7f162613542792380c44446a,PHP,NÃO FAMILIAR
autor nulo,https://github.com/LimeSurvey/LimeSurvey,91d143230eb357260a19c8424b3005deb49a47f7,PHP,NÃO FAMILIAR
autor nulo,https://github.com/serghey-rodin/vesta,5f68c1b634abec2d5a4f83156bfd223d3a792f77,PHP,NÃO FAMILIAR
autor nulo,https://github.com/torvalds/linux,9903e41ae1f5d50c93f268ca3304d4d7c64b9311,C,NÃO FAMILIAR
autor nulo,https://github.com/torvalds/linux,57ebd808a97d7c5b1e1afb937c2db22beba3c1f8,C,NÃO FAMILIAR
autor nulo,https://github.com/torvalds/linux,b71812168571fa55e44cdd0254471331b9c4c4c6,C,NÃO FAMILIAR
autor nulo,https://github.com/BlackCatDevelopment/BlackCatCMS,a817755828cd0bfd4b87b0eb5cec59ffe57d3c3e,JavaScript,NÃO FAMILIAR
autor nulo,https://github.com/torvalds/linux,c1fa0768a8713b135848f78fd43ffc208d8ded70,C,NÃO FAMILIAR
autor nulo,https://github.com/torvalds/linux,9de4ee40547fd315d4a0ed1dd15a2fa3559ad707,Markdown,NÃO FAMILIAR
autor nulo,https://github.com/torvalds/linux,bd23a7269834dc7c1f93e83535d16ebc44b75eba,C,NÃO FAMILIAR
autor nulo,https://github.com/Froxlor/Froxlor,aa881560cc996c38cbf8c20ee62854e27f72c73c,PHP,NÃO FAMILIAR
autor nulo,https://github.com/GNOME/gimp,c21eff4b031acb04fb4dfce8bd5fdfecc2b6524f,C,NÃO FAMILIAR
autor nulo,https://github.com/torvalds/linux,78c9c4dfbf8c04883941445a195276bb4bb92c76,C,NÃO FAMILIAR
autor nulo,https://github.com/torvalds/linux,afca6c5b2595fc44383919fba740c194b0b76aff,C,NÃO FAMILIAR
autor nulo,https://github.com/torvalds/linux,23fcb3340d033d9f081e21e6c12c2db7eaa541d3,C,NÃO FAMILIAR
autor nulo,https://github.com/smarty-php/smarty,2e081a51b1effddb23f87952959139ac62654d50,PHP,NÃO FAMILIAR
autor nulo,https://github.com/smarty-php/smarty,c9dbe1d08c081912d02bd851d1d1b6388f6133d1,PHP,NÃO FAMILIAR
autor nulo,https://github.com/GNOME/pango,71aaeaf020340412b8d012fe23a556c0420eda5f,C,NÃO FAMILIAR
autor nulo,https://github.com/torvalds/linux,fdf82a7856b32d905c39afc85e34364491e46346,C,NÃO FAMILIAR
autor nulo,https://github.com/torvalds/linux,5800dc5c19f34e6e03b5adab1282535cb102fafd,C,NÃO FAMILIAR
autor nulo,https://github.com/igrr/axtls-8266,5efe2947ab45e81d84b5f707c51d1c64be52f36c,C,NÃO FAMILIAR
autor nulo,https://github.com/ImageMagick/ImageMagick,216d117f05bff87b9dc4db55a1b1fadb38bcb786,Objective-C,NÃO FAMILIAR
autor nulo,https://github.com/ImageMagick/ImageMagick,cc4ac341f29fa368da6ef01c207deaf8c61f6a2e,Objective-C,NÃO FAMILIAR
autor nulo,https://github.com/ImageMagick/ImageMagick,16916c8979c32765c542e216b31cee2671b7afe7,C++,NÃO FAMILIAR
autor nulo,https://github.com/ImageMagick/ImageMagick,afa878a689870c28b6994ecf3bb8dbfb2b76d135,C,NÃO FAMILIAR
autor nulo,https://github.com/ImageMagick/ImageMagick,ecb31dbad39ccdc65868d5d2a37f0f0521250832,Objective-C,NÃO FAMILIAR
autor nulo,https://github.com/torvalds/linux,8f3fafc9c2f0ece10832c25f7ffcb07c97a32ad4,Markdown,NÃO FAMILIAR
autor nulo,https://github.com/ImageMagick/ImageMagick6,1007b98f8795ad4bea6bc5f68a32d83e982fdae4,C,NÃO FAMILIAR
autor nulo,https://github.com/torvalds/linux,2a3f93459d689d990b3ecfbe782fec89b97d3279,C,NÃO FAMILIAR
autor nulo,https://github.com/torvalds/linux,d26c25a9d19b5976b319af528886f89cf455692d,C,NÃO FAMILIAR
autor nulo,https://github.com/ImageMagick/ImageMagick,db0add932fb850d762b02604ca3053b7d7ab6deb,Objective-C,NÃO FAMILIAR
autor nulo,https://github.com/torvalds/linux,7fafcfdf6377b18b2a726ea554d6e593ba44349f,C,NÃO FAMILIAR
autor nulo,https://github.com/fatfreecrm/fat_free_crm,6d60bc8ed010c4eda05d6645c64849f415f68d65,Ruby,NÃO FAMILIAR
autor nulo,https://github.com/torvalds/linux,9b54d816e00425c3a517514e0d677bb3cec49258,C,NÃO FAMILIAR
autor nulo,https://github.com/dotse/zonemaster-gui,568e8db44930fda4563c1e708a2440909fd8e5fe,Perl,NÃO FAMILIAR
autor nulo,https://github.com/simplesamlphp/saml2,4f6af7f69f29df8555a18b9bb7b646906b45924d,PHP,NÃO FAMILIAR
autor nulo,https://github.com/torvalds/linux,297a6961ffb8ff4dc66c9fbf53b924bd1dda05d5,C,NÃO FAMILIAR
autor nulo,https://github.com/torvalds/linux,0ddcff49b672239dda94d70d0fcf50317a9f4b51,C,NÃO FAMILIAR
autor nulo,https://github.com/ether/etherpad-lite,ffe24c3dd93efc73e0cbf924db9a0cc40be9511b,JavaScript,NÃO FAMILIAR
autor nulo,https://github.com/DCIT/perl-Crypt-JWT,b98a59b42ded9f9e51b2560410106207c2152d6c,Perl,NÃO FAMILIAR
autor nulo,https://github.com/aquaverde/aquarius-core,e1af89aa9df07ea265d879518ede9eb98aa494e0,PHP,NÃO FAMILIAR
autor nulo,https://github.com/ImageMagick/ImageMagick,cb1214c124e1bd61f7dd551b94a794864861592e,Objective-C,NÃO FAMILIAR
autor nulo,https://github.com/fusioninventory/fusioninventory-for-glpi,0f777f85773b18f5252e79afa1929fcdc4858c3a,PHP,NÃO FAMILIAR
autor nulo,https://github.com/torvalds/linux,355b98553789b646ed97ad801a619ff898471b92,C,NÃO FAMILIAR
autor nulo,https://github.com/ImageMagick/ImageMagick,07eebcd72f45c8fd7563d3f9ec5d2bed48f65f36,Objective-C,NÃO FAMILIAR
autor nulo,https://github.com/ImageMagick/ImageMagick,58d9c46929ca0828edde34d263700c3a5fe8dc3c,Objective-C,NÃO FAMILIAR
autor nulo,https://github.com/kellyselden/git-diff-apply,106d61d3ae723b4257c2a13e67b95eb40a27e0b5,TypeScript,NÃO FAMILIAR
autor nulo,https://github.com/vega/vega,8f33a0b5170d7de4f12fc248ec0901234342367b,JavaScript,NÃO FAMILIAR
autor nulo,https://github.com/ImageMagick/ImageMagick,e3cdce6fe12193f235b8c0ae5efe6880a25eb957,Objective-C,NÃO FAMILIAR
autor nulo,https://github.com/ImageMagick/ImageMagick6,f663dfb8431c97d95682a2b533cca1c8233d21b4,Objective-C,NÃO FAMILIAR
autor nulo,https://github.com/torvalds/linux,15fab63e1e57be9fdb5eec1bbc5916e9825e9acb,C,NÃO FAMILIAR
autor nulo,https://github.com/snapcore/snapd,bdbfeebef03245176ae0dc323392bb0522a339b1,C,NÃO FAMILIAR
autor nulo,https://github.com/mnelson4/printmyblog,8584a2839a541eb29fca64252e388c827af3ec21,PHP,NÃO FAMILIAR
autor nulo,https://github.com/torvalds/linux,401e7e88d4ef80188ffa07095ac00456f901b8c4,C,NÃO FAMILIAR
autor nulo,https://github.com/torvalds/linux,cb66ddd156203daefb8d71158036b27b0e2caf63,C,NÃO FAMILIAR
autor nulo,https://github.com/facebook/mcrouter,97e033b3bb0cb16b61bf49f0dc7f311a3e0edd1b,C++,NÃO FAMILIAR
autor nulo,https://github.com/facebook/proxygen,f43b134cc5c19d8532e7fb670a1c02e85f7a8d4f,C++,NÃO FAMILIAR
autor nulo,https://github.com/Yubico/pam-u2f,18b1914e32b74ff52000f10e97067e841e5fff62,C,NÃO FAMILIAR
autor nulo,https://github.com/torvalds/linux,58bdd544e2933a21a51eecf17c3f5f94038261b5,C,NÃO FAMILIAR
autor nulo,https://github.com/torvalds/linux,6ff7b060535e87c2ae14dd8548512abfdda528fb,C,NÃO FAMILIAR
autor nulo,https://github.com/ImageMagick/ImageMagick,fe3066122ef72c82415811d25e9e3fad622c0a99,Objective-C,NÃO FAMILIAR
autor nulo,https://github.com/ImageMagick/ImageMagick6,1e59b29e520d2beab73e8c78aacd5f1c0d76196d,C,NÃO FAMILIAR
autor nulo,https://github.com/ImageMagick/ImageMagick,cdb383749ef7b68a38891440af8cc23e0115306d,Objective-C,NÃO FAMILIAR
autor nulo,https://github.com/ImageMagick/ImageMagick,fe5f4b85e6b1b54d3b4588a77133c06ade46d891,C,NÃO FAMILIAR
autor nulo,https://github.com/ImageMagick/ImageMagick,35ccb468ee2dcbe8ce9cf1e2f1957acc27f54c34,Objective-C,NÃO FAMILIAR
autor nulo,https://github.com/ImageMagick/ImageMagick6,7d11230060fa9c8f67e53c85224daf6648805c7b,C,NÃO FAMILIAR
autor nulo,https://github.com/nothings/stb,98fdfc6df88b1e34a736d5e126e6c8139c8de1a6,C++,NÃO FAMILIAR
autor nulo,https://github.com/kkos/oniguruma,0f7f61ed1b7b697e283e37bd2d731d0bd57adb55,C,NÃO FAMILIAR
autor nulo,https://github.com/kkos/oniguruma,c509265c5f6ae7264f7b8a8aae1cfa5fc59d108c,C,NÃO FAMILIAR
autor nulo,https://github.com/ImageMagick/ImageMagick6,55e6dc49f1a381d9d511ee2f888fdc3e3c3e3953,Objective-C,NÃO FAMILIAR
autor nulo,https://github.com/ImageMagick/ImageMagick,a7759f410b773a1dd57b0e1fb28112e1cd8b97bc,Objective-C,NÃO FAMILIAR
autor nulo,https://github.com/ImageMagick/ImageMagick,ce08a3691a8ac29125e29fc41967b3737fa3f425,Objective-C,NÃO FAMILIAR
autor nulo,https://github.com/ImageMagick/ImageMagick6,35c7032723d85eee7318ff6c82f031fa2666b773,Objective-C,NÃO FAMILIAR
autor nulo,https://github.com/ImageMagick/ImageMagick,604588fc35c7585abb7a9e71f69bb82e4389fefc,Objective-C,NÃO FAMILIAR
autor nulo,https://github.com/ImageMagick/ImageMagick,8187d2d8fd010d2d6b1a3a8edd935beec404dddc,C,NÃO FAMILIAR
autor nulo,https://github.com/ImageMagick/ImageMagick6,5e409ae7a389cdf2ed17469303be3f3f21cec450,C,NÃO FAMILIAR
autor nulo,https://github.com/ImageMagick/ImageMagick,a906fe9298bf89e01d5272023db687935068849a,Objective-C,NÃO FAMILIAR
autor nulo,https://github.com/ImageMagick/ImageMagick,f595a1985233c399a05c0c37cc41de16a90dd025,Objective-C,NÃO FAMILIAR
autor nulo,https://github.com/ImageMagick/ImageMagick,d5089971bd792311aaab5cb73460326d7ef7f32d,Objective-C,NÃO FAMILIAR
autor nulo,https://github.com/ImageMagick/ImageMagick,d29148fae06c01ef215940e084cf41853c117bab,Objective-C,NÃO FAMILIAR
autor nulo,https://github.com/ImageMagick/ImageMagick,7689875ef64f34141e7292f6945efdf0530b4a5e,Objective-C,NÃO FAMILIAR
autor nulo,https://github.com/ImageMagick/ImageMagick6,bfa3b9610c83227894c92b0d312ad327fceb6241,Objective-C,NÃO FAMILIAR
autor nulo,https://github.com/ImageMagick/ImageMagick,29efd648f38b73a64d73f14cd2019d869a585888,Objective-C,NÃO FAMILIAR
autor nulo,https://github.com/ImageMagick/ImageMagick6,5c7fbf9a14fb83c9685ad69d48899f490a37609d,Objective-C,NÃO FAMILIAR
autor nulo,https://github.com/ImageMagick/ImageMagick6,cb5ec7d98195aa74d5ed299b38eff2a68122f3fa,Objective-C,NÃO FAMILIAR
autor nulo,https://github.com/ImageMagick/ImageMagick,e92040ea6ee2a844ebfd2344174076795a4787bd,Objective-C,NÃO FAMILIAR
autor nulo,https://github.com/ImageMagick/ImageMagick,025e77fcb2f45b21689931ba3bf74eac153afa48,Objective-C,NÃO FAMILIAR
autor nulo,https://github.com/ImageMagick/ImageMagick6,91e58d967a92250439ede038ccfb0913a81e59fe,C,NÃO FAMILIAR
autor nulo,https://github.com/ImageMagick/ImageMagick6,5982632109cad48bc6dab867298fdea4dea57c51,Objective-C,NÃO FAMILIAR
autor nulo,https://github.com/ImageMagick/ImageMagick,5f21230b657ccd65452dd3d94c5b5401ba691a2d,Objective-C,NÃO FAMILIAR
autor nulo,https://github.com/ImageMagick/ImageMagick,4a334bbf5584de37c6f5a47c380a531c8c4b140a,Objective-C,NÃO FAMILIAR
autor nulo,https://github.com/ImageMagick/ImageMagick6,bb812022d0bc12107db215c981cab0b1ccd73d91,Objective-C,NÃO FAMILIAR
autor nulo,https://github.com/ImageMagick/ImageMagick,7c2c5ba5b8e3a0b2b82f56c71dfab74ed4006df7,Objective-C,NÃO FAMILIAR
autor nulo,https://github.com/ImageMagick/ImageMagick6,f6ffc702c6eecd963587273a429dcd608c648984,Objective-C,NÃO FAMILIAR
autor nulo,https://github.com/ImageMagick/ImageMagick,1ddcf2e4f28029a888cadef2e757509ef5047ad8,Matlab,NÃO FAMILIAR
autor nulo,https://github.com/ImageMagick/ImageMagick6,4f31d78716ac94c85c244efcea368fea202e2ed4,Matlab,NÃO FAMILIAR
autor nulo,https://github.com/YouPHPTube/YouPHPTube,891843d547f7db5639925a67b7f2fd66721f703a,PHP,NÃO FAMILIAR
autor nulo,https://github.com/torvalds/linux,c91815b596245fd7da349ecc43c8def670d2269e,C,NÃO FAMILIAR
autor nulo,https://github.com/torvalds/linux,7caac62ed598a196d6ddf8d9c121e12e082cac3a,C,NÃO FAMILIAR
autor nulo,https://github.com/ImageMagick/ImageMagick6,614a257295bdcdeda347086761062ac7658b6830,Objective-C,NÃO FAMILIAR
autor nulo,https://github.com/ImageMagick/ImageMagick,c5d012a46ae22be9444326aa37969a3f75daa3ba,Objective-C,NÃO FAMILIAR
autor nulo,https://github.com/ImageMagick/ImageMagick,a77d8d97f5a7bced0468f0b08798c83fb67427bc,Objective-C,NÃO FAMILIAR
autor nulo,https://github.com/ImageMagick/ImageMagick6,b522d2d857d2f75b659936b59b0da9df1682c256,C,NÃO FAMILIAR
autor nulo,https://github.com/torvalds/linux,c09581a52765a85f19fc35340127396d5e3379cc,C,NÃO FAMILIAR
autor nulo,https://github.com/ImageMagick/ImageMagick,c78993d138bf480ab4652b5a48379d4ff75ba5f7,Objective-C,NÃO FAMILIAR
autor nulo,https://github.com/ImageMagick/ImageMagick,f7206618d27c2e69d977abf40e3035a33e5f6be0,C,NÃO FAMILIAR
autor nulo,https://github.com/ImageMagick/ImageMagick6,3c53413eb544cc567309b4c86485eae43e956112,C,NÃO FAMILIAR
autor nulo,https://github.com/LINBIT/csync2,416f1de878ef97e27e27508914f7ba8599a0be22,C,NÃO FAMILIAR
autor nulo,https://github.com/torvalds/linux,56897b217a1d0a91c9920cb418d6b3fe922f590a,C,NÃO FAMILIAR
autor nulo,https://github.com/torvalds/linux,ceabee6c59943bdd5e1da1a6a20dc7ee5f8113a2,C,NÃO FAMILIAR
autor nulo,https://github.com/torvalds/linux,58ccd2d31e502c37e108b285bf3d343eb00c235b,C,NÃO FAMILIAR
autor nulo,https://github.com/torvalds/linux,f0d1762554014ce0ae347b9f0d088f2c157c8c72,C,NÃO FAMILIAR
autor nulo,https://github.com/torvalds/linux,01ca667133d019edc9f0a1f70a272447c84ec41f,C,NÃO FAMILIAR
autor nulo,https://github.com/YouPHPTube/YouPHPTube,b32b410c9191c3c5db888514c29d7921f124d883,PHP,NÃO FAMILIAR
autor nulo,https://github.com/kkos/oniguruma,4097828d7cc87589864fecf452f2cd46c5f37180,C,NÃO FAMILIAR
autor nulo,https://github.com/torvalds/linux,df7e40425813c50cd252e6f5e348a81ef1acae56,C,NÃO FAMILIAR
autor nulo,https://github.com/FreePBX/contactmanager,99e5aa0050224289cfe64c9036f38ce2531bf633,PHP,NÃO FAMILIAR
autor nulo,https://github.com/FreePBX/manager,071a50983ca6a373bb2d1d3db68e9eda4667a372,PHP,NÃO FAMILIAR
autor nulo,https://github.com/torvalds/linux,07f12b26e21ab359261bf75cfcb424fdc7daeb6d,C,NÃO FAMILIAR
autor nulo,https://github.com/torvalds/linux,6caabe7f197d3466d238f70915d65301f1716626,C,NÃO FAMILIAR
autor nulo,https://github.com/ImageMagick/ImageMagick,ecf7c6b288e11e7e7f75387c5e9e93e423b98397,Objective-C,NÃO FAMILIAR
autor nulo,https://github.com/projectacrn/acrn-hypervisor,2b3dedfb9ba13f15887f22b935d373f36c9a59fa,C,NÃO FAMILIAR
autor nulo,https://github.com/ImageMagick/ImageMagick,ec9c8944af2bfc65c697ca44f93a727a99b405f1,Objective-C,NÃO FAMILIAR
autor nulo,https://github.com/kkos/oniguruma,d3e402928b6eb3327f8f7d59a9edfa622fec557b,C,NÃO FAMILIAR
autor nulo,https://github.com/torvalds/linux,59c4bd853abcea95eccc167a7d7fd5f1a5f47b98,C,NÃO FAMILIAR
autor nulo,https://github.com/torvalds/linux,4969c06a0d83c9c3dc50b8efcdc8eeedfce896f6,C,NÃO FAMILIAR
autor nulo,https://github.com/NetHack/NetHack,f001de79542b8c38b1f8e6d7eaefbbd28ab94b47,C,NÃO FAMILIAR
autor nulo,https://github.com/torvalds/linux,da2311a6385c3b499da2ed5d9be59ce331fa93e9,C,NÃO FAMILIAR
autor nulo,https://github.com/Patrowl/PatrowlManager,2287c9715d2e7ef11b44bb0ad4a57727654f2203,Python,NÃO FAMILIAR
autor nulo,https://github.com/occlum/occlum,36918e42bf6732c4d3996bc99eb013eb6b90b249,Rust,NÃO FAMILIAR
autor nulo,https://github.com/nginx/nginx,c1be55f97211d38b69ac0c2027e6812ab8b1b94e,HTML,NÃO FAMILIAR
autor nulo,https://github.com/torvalds/linux,7b09c2d052db4b4ad0b27b97918b46a7746966fa,C,NÃO FAMILIAR
autor nulo,https://github.com/torvalds/linux,2e7682ebfc750177a4944eeb56e97a3f05734528,C,NÃO FAMILIAR
autor nulo,https://github.com/rpm-software-management/libcomps,e3a5d056633677959ad924a51758876d415e7046,C,NÃO FAMILIAR
autor nulo,https://github.com/ImageMagick/ImageMagick,1e6a3ace073c9ec9c71e439c111d23c6e66cb6ae,Objective-C,NÃO FAMILIAR
autor nulo,https://github.com/ImageMagick/ImageMagick,8a43abefb38c5e29138e1c9c515b313363541c06,Objective-C,NÃO FAMILIAR
autor nulo,https://github.com/ImageMagick/ImageMagick,748a03651e5b138bcaf160d15133de2f4b1b89ce,C,NÃO FAMILIAR
autor nulo,https://github.com/ImageMagick/ImageMagick,306c1f0fa5754ca78efd16ab752f0e981d4f6b82,Objective-C,NÃO FAMILIAR
autor nulo,https://github.com/torvalds/linux,77f8269606bf95fcb232ee86f6da80886f1dfae8,C,NÃO FAMILIAR
autor nulo,https://github.com/LimeSurvey/LimeSurvey,1ed10d3c423187712b8f6a8cb2bc9d5cc3b2deb8,PHP,NÃO FAMILIAR
autor nulo,https://github.com/torvalds/linux,28d76df18f0ad5bcf5fa48510b225f0ed262a99b,C++,NÃO FAMILIAR
autor nulo,https://github.com/torvalds/linux,b70261a288ea4d2f4ac7cd04be08a9f0f2de4f4d,C,NÃO FAMILIAR
autor nulo,https://github.com/torvalds/linux,3a9b153c5591548612c3955c9600a98150c81875,C,NÃO FAMILIAR
autor nulo,https://github.com/gssapi/gssproxy,cb761412e299ef907f22cd7c4146d50c8a792003,C,NÃO FAMILIAR
autor nulo,https://github.com/iubenda/iubenda-cookie-class,545e0586320ae6f16204ba548cf533ef75dc2fbd,PHP,NÃO FAMILIAR
autor nulo,https://github.com/jerryscript-project/jerryscript,69f8e78c2f8d562bd6d8002b5488f1662ac30d24,C,NÃO FAMILIAR
autor nulo,https://github.com/OCSInventory-NG/OCSInventory-ocsreports,da72e0fddaeceee44fbbd7241e07e5d53d1eee64,PHP,NÃO FAMILIAR
autor nulo,https://github.com/spiral-project/ihatemoney,8d77cf5d5646e1d2d8ded13f0660638f57e98471,Python,NÃO FAMILIAR
autor nulo,https://github.com/ractf/core,f3dc89b9f6ab1544a289b3efc06699b13d63e0bd,Python,NÃO FAMILIAR
autor nulo,https://github.com/ArtifexSoftware/ghostpdl,5d499272b95a6b890a1397e11d20937de000d31b,C,NÃO FAMILIAR
autor nulo,https://github.com/facebook/hhvm,b3679121bb3c7017ff04b4c08402ffff5cf59b13,C++,NÃO FAMILIAR
autor nulo,https://github.com/facebook/hhvm,dabd48caf74995e605f1700344f1ff4a5d83441d,C++,NÃO FAMILIAR
autor nulo,https://github.com/facebook/hhvm,bd586671a3c22eb2f07e55f11b3ce64e1f7961e7,C++,NÃO FAMILIAR
autor nulo,https://github.com/pts/sam2p,1d62cf8964bfcafa6561c4c3bb66d4aa4c529a73,C,NÃO FAMILIAR
autor nulo,https://github.com/pts/sam2p,b953f63307c4a83fa4615a4863e3fb250205cd98,C,NÃO FAMILIAR
autor nulo,https://github.com/nukeviet/module-shops,742c0e0f74364f7250c2a69f0a957d4e6317be68,PHP,NÃO FAMILIAR
autor nulo,https://github.com/WWBN/AVideo,ecc5f40470bbafff231133f58db1df70f47bfb33,PHP,NÃO FAMILIAR
autor nulo,https://github.com/WWBN/AVideo,218c98cbd4a4a2c15745852bcd0f29faf101bd8c,PHP,NÃO FAMILIAR
autor nulo,https://github.com/LimeSurvey/LimeSurvey,0a7bdfa1c166f734d11a1528c8d9a7d61b670ad7,PHP,NÃO FAMILIAR
autor nulo,https://github.com/LimeSurvey/LimeSurvey,38e1ab069b538de7cb5f3a04939aba8e835640cb,PHP,NÃO FAMILIAR
autor nulo,https://github.com/autovance/ftp-srv,457b859450a37cba10ff3c431eb4aa67771122e3,TypeScript,NÃO FAMILIAR
autor nulo,https://github.com/tmux/tmux,a868bacb46e3c900530bed47a1c6f85b0fbe701c,C,NÃO FAMILIAR
autor nulo,https://github.com/illumos/illumos-gate,1d276e0b382cf066dae93640746d8b4c54d15452,C,NÃO FAMILIAR
autor nulo,https://github.com/ImageMagick/ImageMagick6,3e21bc8a58b4ae38d24c7e283837cc279f35b6a5,C,NÃO FAMILIAR
autor nulo,https://github.com/DataTables/DataTablesSrc,a51cbe99fd3d02aa5582f97d4af1615d11a1ea03,JavaScript,NÃO FAMILIAR
autor nulo,https://github.com/daylightstudio/FUEL-CMS,fbf2d59215800f05d4359e8f984d5680d62f0f3b,PHP,NÃO FAMILIAR
autor nulo,https://github.com/qemu/qemu,ebf101955ce8f8d72fba103b5151115a4335de2c,C,NÃO FAMILIAR
autor nulo,https://github.com/openbsd/src,79a034b4aed29e965f45a13409268290c9910043,C,NÃO FAMILIAR
autor nulo,https://github.com/openbsd/src,6c3220444ed06b5796dedfd53a0f4becd903c0d1,C,NÃO FAMILIAR
autor nulo,https://github.com/torvalds/linux,5c455c5ab332773464d02ba17015acdca198f03d,C,NÃO FAMILIAR
autor nulo,https://github.com/NetHack/NetHack,612755bfb5c412079795c68ba392df5d93874ed8,C,NÃO FAMILIAR
autor nulo,https://github.com/auth0/auth0.js,355ca749b229fb93142f0b3978399b248d710828,JavaScript,NÃO FAMILIAR
autor nulo,https://github.com/mikaelbr/mversion,b7a8b32600e60759a7ad3921ec4a2750bf173482,JavaScript,NÃO FAMILIAR
autor nulo,https://github.com/torvalds/linux,d0cb50185ae942b03c4327be322055d622dc79f6,C,NÃO FAMILIAR
autor nulo,https://github.com/nystudio107/craft-seomatic,65ab659cb6c914c7ad671af1e417c0da2431f79b,Markdown,NÃO FAMILIAR
autor nulo,https://github.com/ImageMagick/ImageMagick6,553054c1cb1e4e05ec86237afef76a32cd7c464d,C,NÃO FAMILIAR
autor nulo,https://github.com/theonedev/onedev,d6fc4212b1ac1e9bbe3ce444e95f9af1e3ab8b66,Java,NÃO FAMILIAR
autor nulo,https://github.com/theonedev/onedev,9196fd795e87dab069b4260a3590a0ea886e770f,Java,NÃO FAMILIAR
autor nulo,https://github.com/ractf/core,c57a4d186bfc586ad3edfe4dcba9f11efbf22f09,Python,NÃO FAMILIAR
autor nulo,https://github.com/ractf/core,cebb67bd16a8296121201805332365ffccb29638,Python,NÃO FAMILIAR
autor nulo,https://github.com/minio/minio,e197800f9055489415b53cf137e31e194aaf7ba0,Go,NÃO FAMILIAR
autor nulo,https://github.com/wireapp/wire-webapp,281f2a9d795f68abe423c116d5da4e1e73a60062,TypeScript,NÃO FAMILIAR
autor nulo,https://github.com/curl/curl,39ce47f219b09c380b81f89fe54ac586c8db6bde,C,NÃO FAMILIAR
autor nulo,https://github.com/wanasit/chrono,98815b57622443b5c498a427210ebd603d705f4c,TypeScript,NÃO FAMILIAR
autor nulo,https://github.com/DataTables/Dist-DataTables,59a8d3f8a3c1138ab08704e783bc52bfe88d7c9b,JavaScript,NÃO FAMILIAR
autor nulo,https://github.com/flitbit/json-ptr,5dc458fbad1c382a2e3ca6d62e66ede3d92849ca,TypeScript,NÃO FAMILIAR
autor nulo,https://github.com/knik0/faad2,720f7004d6c4aabee19aad16e7c456ed76a3ebfa,C,NÃO FAMILIAR
autor nulo,https://github.com/matrix-org/sydent,89071a1a754c69a50deac89e6bb74002d4cda19d,Python,NÃO FAMILIAR
autor nulo,https://github.com/matrix-org/sydent,3d531ed50d2fd41ac387f36d44d3fb2c62dd22d3,Python,NÃO FAMILIAR
autor nulo,https://github.com/matrix-org/sydent,8936925f561b0c352c2fa922d5097d7245aad00a,Python,NÃO FAMILIAR
autor nulo,https://github.com/matrix-org/sydent,9e573348d81df8191bbe8c266c01999c9d57cd5f,Python,NÃO FAMILIAR
autor nulo,https://github.com/Dav-Git/Dav-Cogs,3d54ef9b52ce03f139b7d6c1cc38c375e65593fd,Python,NÃO FAMILIAR
autor nulo,https://github.com/tensorflow/tensorflow,eebb96c2830d48597d055d247c0e9aebaea94cd5,C++,NÃO FAMILIAR
autor nulo,https://github.com/tensorflow/tensorflow,030af767d357d1b4088c4a25c72cb3906abac489,C++,NÃO FAMILIAR
autor nulo,https://github.com/tensorflow/tensorflow,b055b9c474cd376259dde8779908f9eeaf097d93,C++,NÃO FAMILIAR
autor nulo,https://github.com/tensorflow/tensorflow,ff70c47a396ef1e3cb73c90513da4f5cb71bebba,C++,NÃO FAMILIAR
autor nulo,https://github.com/tensorflow/tensorflow,b1cc5e5a50e7cee09f2c6eb48eb40ee9c4125025,C++,NÃO FAMILIAR
autor nulo,https://github.com/tensorflow/tensorflow,c57c0b9f3a4f8684f3489dd9a9ec627ad8b599f5,C++,NÃO FAMILIAR
autor nulo,https://github.com/tensorflow/tensorflow,69c68ecbb24dff3fa0e46da0d16c821a2dd22d7c,C++,NÃO FAMILIAR
autor nulo,https://github.com/tensorflow/tensorflow,26eb323554ffccd173e8a79a8c05c15b685ae4d1,C++,NÃO FAMILIAR
autor nulo,https://github.com/tensorflow/tensorflow,b432a38fe0e1b4b904a6c222cbce794c39703e87,C++,NÃO FAMILIAR
autor nulo,https://github.com/tensorflow/tensorflow,4f663d4b8f0bec1b48da6fa091a7d29609980fa4,C++,NÃO FAMILIAR
autor nulo,https://github.com/tensorflow/tensorflow,ea3b43e98c32c97b35d52b4c66f9107452ca8fb2,C++,NÃO FAMILIAR
autor nulo,https://github.com/tensorflow/tensorflow,20431e9044cf2ad3c0323c34888b192f3289af6b,C++,NÃO FAMILIAR
autor nulo,https://github.com/tensorflow/tensorflow,704866eabe03a9aeda044ec91a8d0c83fc1ebdbe,C++,NÃO FAMILIAR
autor nulo,https://github.com/tensorflow/tensorflow,99085e8ff02c3763a0ec2263e44daec416f6a387,C++,NÃO FAMILIAR
autor nulo,https://github.com/tensorflow/tensorflow,da5ff2daf618591f64b2b62d9d9803951b945e9f,C++,NÃO FAMILIAR
autor nulo,https://github.com/tensorflow/tensorflow,1a2a87229d1d61e23a39373777c056161eb4084d,C++,NÃO FAMILIAR
autor nulo,https://github.com/tensorflow/tensorflow,4071d8e2f6c45c1955a811fee757ca2adbe462c1,C++,NÃO FAMILIAR
autor nulo,https://github.com/tensorflow/tensorflow,7f283ff806b2031f407db64c4d3edcda8fb9f9f5,C++,NÃO FAMILIAR
autor nulo,https://github.com/tensorflow/tensorflow,8ba6fa29cd8bf9cef9b718dc31c78c73081f5b31,C++,NÃO FAMILIAR
autor nulo,https://github.com/tensorflow/tensorflow,a84358aa12f0b1518e606095ab9cfddbf597c121,C++,NÃO FAMILIAR
autor nulo,https://github.com/tensorflow/tensorflow,faa76f39014ed3b5e2c158593b1335522e573c7f,C++,NÃO FAMILIAR
autor nulo,https://github.com/tensorflow/tensorflow,7ae2af34087fb4b5c8915279efd03da3b81028bc,C++,NÃO FAMILIAR
autor nulo,https://github.com/tensorflow/tensorflow,79865b542f9ffdc9caeb255631f7c56f1d4b6517,C++,NÃO FAMILIAR
autor nulo,https://github.com/tensorflow/tensorflow,ba6822bd7b7324ba201a28b2f278c29a98edbef2,C++,NÃO FAMILIAR
autor nulo,https://github.com/tensorflow/tensorflow,b761c9b652af2107cfbc33efd19be0ce41daa33e,C++,NÃO FAMILIAR
autor nulo,https://github.com/tensorflow/tensorflow,f94ef358bb3e91d517446454edff6535bcfe8e4a,C++,NÃO FAMILIAR
autor nulo,https://github.com/tensorflow/tensorflow,6fd02f44810754ae7481838b6a67c5df7f909ca3,C++,NÃO FAMILIAR
autor nulo,https://github.com/tensorflow/tensorflow,c5b0d5f8ac19888e46ca14b0e27562e7fbbee9a9,C++,NÃO FAMILIAR
autor nulo,https://github.com/tensorflow/tensorflow,1d04d7d93f4ed3854abf75d6b712d72c3f70d6b6,C++,NÃO FAMILIAR
autor nulo,https://github.com/tensorflow/tensorflow,14607c0707040d775e06b6817325640cb4b5864c,C++,NÃO FAMILIAR
autor nulo,https://github.com/tensorflow/tensorflow,4504a081af71514bb1828048363e6540f797005b,C++,NÃO FAMILIAR
autor nulo,https://github.com/tensorflow/tensorflow,82e6203221865de4008445b13c69b6826d2b28d9,C++,NÃO FAMILIAR
autor nulo,https://github.com/hestiacp/hestiacp,706314c12872c7607e96a73dfc77dbbddad2875e,PHP,NÃO FAMILIAR
autor nulo,https://github.com/torvalds/linux,4edbe1d7bcffcd6269f3b5eb63f710393ff2ec7a,C,NÃO FAMILIAR
autor nulo,https://github.com/q2a-projects/Q2A-Ultimate-SEO,20069f28147c6f2c3acca4e3f6f5154537c5d536,PHP,NÃO FAMILIAR
autor nulo,https://github.com/smartstore/SmartStoreNET,ae03d45e23734555a2aef0b0c3d33c21e076c20f,HTML,NÃO FAMILIAR
autor nulo,https://github.com/Dav-Git/Dav-Cogs,fbe2ae8ec851a2e9e3e2370db3b812f268e8c8cb,Python,NÃO FAMILIAR
autor nulo,https://github.com/jupyterlab/jupyterlab,504825938c0abfa2fb8ff8d529308830a5ae42ed,JavaScript,NÃO FAMILIAR
autor nulo,https://github.com/torvalds/linux,8cae8cd89f05f6de223d63e6d15e31c8ba9cf53b,C,NÃO FAMILIAR
autor nulo,https://github.com/ImageMagick/ImageMagick,c6ad94fbb7b280f39c2fbbdc1c140e51b1b466e9,C,NÃO FAMILIAR
autor nulo,https://github.com/ImageMagick/ImageMagick6,cd7f9fb7751b0d59d5a74b12d971155caad5a792,C,NÃO FAMILIAR
autor nulo,https://github.com/torvalds/linux,d5f9023fa61ee8b94f37a93f08e94b136cf1e463,C,NÃO FAMILIAR
autor nulo,https://github.com/ImageMagick/ImageMagick,930ff0d1a9bc42925a7856e9ea53f5fc9f318bf3,C,NÃO FAMILIAR
autor nulo,https://github.com/torvalds/linux,c7dfa4009965a9b2d7b329ee970eb8da0d32f0bc,C,NÃO FAMILIAR
autor nulo,https://github.com/torvalds/linux,427215d85e8d1476da1a86b8d67aceb485eb3631,C,NÃO FAMILIAR
autor nulo,https://github.com/torvalds/linux,7e78c597c3ebfd0cb329aa09a838734147e4f117,C,NÃO FAMILIAR
autor nulo,https://github.com/torvalds/linux,505d9dcb0f7ddf9d075e729523a33d38642ae680,C,NÃO FAMILIAR
autor nulo,https://github.com/FFmpeg/FFmpeg,7150f9575671f898382c370acae35f9087a30ba1,C,NÃO FAMILIAR
autor nulo,https://github.com/FFmpeg/FFmpeg,9ffa49496d1aae4cbbb387aac28a9e061a6ab0a6,C,NÃO FAMILIAR
autor nulo,https://github.com/torvalds/linux,dd99e9f98fbf423ff6d365b37a98e8879170f17c,C,NÃO FAMILIAR
autor nulo,https://github.com/torvalds/linux,b5fdf5c6e6bee35837e160c00ac89327bdad031b,C,NÃO FAMILIAR
autor nulo,https://github.com/torvalds/linux,d0d62baa7f505bd4c59cd169692ff07ec49dde37,C,NÃO FAMILIAR
autor nulo,https://github.com/daylightstudio/FUEL-CMS,8a0d88ad6869623c90e24b3b2ea33352049d39a7,PHP,NÃO FAMILIAR
autor nulo,https://github.com/daylightstudio/FUEL-CMS,6164cd794674d4d74da39f8b535ff588ab006e33,PHP,NÃO FAMILIAR
autor nulo,https://github.com/daylightstudio/FUEL-CMS,15934fdd309408640d1f2be18f93a8beadaa5e9b,PHP,NÃO FAMILIAR
autor nulo,https://github.com/jupyterhub/binderhub,195caac172690456dcdc8cc7a6ca50e05abf8182,Python,NÃO FAMILIAR
autor nulo,https://github.com/facebookresearch/ParlAI,507d066ef432ea27d3e201da08009872a2f37725,Python,NÃO FAMILIAR
autor nulo,https://github.com/libvirt/libvirt,1ac703a7d0789e46833f4013a3876c2e3af18ec7,C,NÃO FAMILIAR
autor nulo,https://github.com/mandatoryprogrammer/xsshunter-express,56bb44ed9024849f64173f71583ecb7d873baba0,JavaScript,NÃO FAMILIAR
autor nulo,https://github.com/albertodemichelis/squirrel,23a0620658714b996d20da3d4dd1a0dcf9b0bd98,C++,NÃO FAMILIAR
autor nulo,https://github.com/sdfsky/tipask,9b5f13d1708e9a5dc0959cb8a97be1c32b94ca69,PHP,NÃO FAMILIAR
autor nulo,https://github.com/nystudio107/craft-seomatic,3fee7d50147cdf3f999cfc1e04cbc3fb3d9f2f7d,PHP,NÃO FAMILIAR
autor nulo,https://github.com/nystudio107/craft-seomatic,4e46b792ce973ac0c652fb330055f41aca1981c8,PHP,NÃO FAMILIAR
autor nulo,https://github.com/fuzzard/xbmc,80c8138c09598e88b4ddb6dbb279fa193bbb3237,C++,NÃO FAMILIAR
autor nulo,https://github.com/crater-invoice/crater,dd324c8bb6b17009f82afe8bc830caec7241e992,PHP,NÃO FAMILIAR
autor nulo,https://github.com/karma-runner/karma,839578c45a8ac42fbc1d72105f97eab77dd3eb8a,JavaScript,NÃO FAMILIAR
autor nulo,https://github.com/jsdecena/laracom,256026193ce994dc4c1365e02f414d8a0cd77ae8,PHP,NÃO FAMILIAR
autor nulo,https://github.com/hhurz/tableexport.jquery.plugin,dcbaee23cf98328397a153e71556f75202988ec9,JavaScript,NÃO FAMILIAR
autor nulo,https://github.com/PCRE2Project/pcre2,d4fa336fbcc388f89095b184ba6d99422cfc676c,C,NÃO FAMILIAR
autor nulo,https://github.com/HabitRPG/habitica,5bcfdbe066e8c899f3ecf3fdcdbacc2ecba7f02f,HTML,NÃO FAMILIAR
autor nulo,https://github.com/tensorflow/tensorflow,955059813cc325dc1db5e2daa6221271406d4439,C++,NÃO FAMILIAR
autor nulo,https://github.com/tensorflow/tensorflow,c99d98cd189839dcf51aee94e7437b54b31f8abd,C++,NÃO FAMILIAR
autor nulo,https://github.com/bildsben/iTunesRPC-Remastered,1eb1e5428f0926b2829a0bbbb65b0d946e608593,Python,NÃO FAMILIAR
autor nulo,https://github.com/bildsben/iTunesRPC-Remastered,cdcd48bbc44009ddcbd07a809b87376dc9ce37f4,Python,NÃO FAMILIAR
autor nulo,https://github.com/torvalds/linux,ab0fc21bc7105b54bafd85bd8b82742f9e68898a,C,NÃO FAMILIAR
autor nulo,https://github.com/torvalds/linux,ac795161c93699d600db16c1a8cc23a65a1eceaf,C,NÃO FAMILIAR
autor nulo,https://github.com/OpenClinica/OpenClinica,6f864e86543f903bd20d6f9fc7056115106441f3,Java,NÃO FAMILIAR
autor nulo,https://github.com/yairEO/tagify,198c0451fad188390390395ccfc84ab371def4c7,JavaScript,NÃO FAMILIAR
autor nulo,https://github.com/amro/gibbon,b2eb99ed304d7491a6d348a5bbdc83a008fc6e0b,Ruby,NÃO FAMILIAR
autor nulo,https://github.com/torvalds/linux,764f4eb6846f5475f1244767d24d25dd86528a4a,C,NÃO FAMILIAR
autor nulo,https://github.com/ImageMagick/ImageMagick,ca3654ebf7a439dc736f56f083c9aa98e4464b7f,Objective-C,NÃO FAMILIAR
autor nulo,https://github.com/ImageMagick/ImageMagick6,e6ea5876e0228165ee3abc6e959aa174cee06680,Objective-C,NÃO FAMILIAR
autor nulo,https://github.com/auth0/lock,79ae557d331274b114848150f19832ae341771b1,TypeScript,NÃO FAMILIAR
autor nulo,https://github.com/Moddable-OpenSource/moddable,135aa9a4a6a9b49b60aa730ebc3bcc6247d75c45,C++,NÃO FAMILIAR
autor nulo,https://github.com/TYPO3/typo3,6f2554dc4ea0b670fd5599c54fd788d4db96c4a0,JavaScript,NÃO FAMILIAR
autor nulo,https://github.com/fastify/fastify-bearer-auth,39353b15409ee99474545f615ffb16180cf3b716,JavaScript,NÃO FAMILIAR
autor nulo,https://github.com/woduq1414/munhak-moa,e8f800373b20cb22de70c7a994325b8903877da0,Python,NÃO FAMILIAR
autor nulo,https://github.com/davea42/libdwarf-code,8151575a6ace77d005ca5bb5d71c1bfdba3f7069,C,NÃO FAMILIAR
autor nulo,https://github.com/thorfdbg/libjpeg,ea6315164b1649ff932a396b7600eac4bffcfaba,C++,NÃO FAMILIAR
autor nulo,https://github.com/thorfdbg/libjpeg,51c3241b6da39df30f016b63f43f31c4011222c7,C++,NÃO FAMILIAR
autor nulo,https://github.com/ImageMagick/ImageMagick6,29c8abce0da56b536542f76a9ddfebdaab5b2943,Objective-C,NÃO FAMILIAR
autor nulo,https://github.com/ImageMagick/ImageMagick6,dc070da861a015d3c97488fdcca6063b44d47a7b,Objective-C,NÃO FAMILIAR
autor nulo,https://github.com/samg/diffy,478f392082b66d38f54a02b4bb9c41be32fd6593,Ruby,NÃO FAMILIAR
autor nulo,https://github.com/bbalet/jorani,c5c42e29e6a9e59a3c82450bef48b67b8dd48333,PHP,NÃO FAMILIAR
autor nulo,https://github.com/bbalet/jorani,3d01cef4ee9cdd70cfe1ac4fd7f5d607dda0d0ca,PHP,NÃO FAMILIAR
autor nulo,https://github.com/bbalet/jorani,299b5a3a66add4ac643e3ba78ada4d9637c8baff,PHP,NÃO FAMILIAR
autor nulo,https://github.com/davea42/libdwarf-code,7ef09e1fc9ba07653dd078edb2408631c7969162,C,NÃO FAMILIAR
autor nulo,https://github.com/u-boot/u-boot,8f8c04bf1ebbd2f72f1643e7ad9617dafa6e5409,C,NÃO FAMILIAR
autor nulo,https://github.com/Exim/exim,51be321b27825c01829dffd90f11bfff256f7e42,C,NÃO FAMILIAR
